index,target
16834,0.05814709
15437,0.093393865
8549,0.188035931
7222,0.062706887
17054,0.137760235
11377,0.326991823
7631,0.188560078
14569,0.475185236
10441,0.07410638
4487,0.163979069
14165,0.475185236
13723,0.137760235
10842,0.510117443
8384,0.173989675
17392,0.210219116
12306,0.390828986
14220,0.184616083
1559,0.165119019
477,0.137760235
1466,0.202855272
1573,0.191455779
3004,0.172692442
17063,0.229598254
396,0.137760235
2960,0.111633054
12862,0.475185236
8887,0.149159728
5104,0.427058426
13641,0.137760235
14632,0.390828986
2302,0.137760235
18651,0.173989675
12299,0.137760235
18513,0.297471066
5658,0.137760235
16147,0.475185236
13334,0.158462631
12826,0.225536333
6617,0.372065649
916,0.390828986
17252,0.092869717
15348,0.137760235
1942,0.093393865
7088,0.093393865
6820,0.251257291
6015,0.559541486
5665,0.247837443
16916,0.475185236
4322,0.137760235
6742,0.149159728
12516,0.178798411
10824,0.130396391
10531,0.199317499
7054,0.137760235
14703,0.149159728
12657,0.093393865
1319,0.390828986
17315,0.264386264
10127,0.197928611
1341,0.409068175
15427,0.475185236
16687,0.141271737
5949,0.137760235
9591,0.100233561
6106,0.111633054
5442,0.111633054
5149,0.475185236
15383,0.444524529
10635,0.210219116
19043,0.184616083
14826,0.342951114
4087,0.137851889
9747,0.426010131
3646,0.595770926
11918,0.174330267
1426,0.210219116
11154,0.325969799
5347,0.280961356
12258,0.149159728
10539,0.116101198
6360,0.149159728
3006,0.210219116
16267,0.326991823
7277,0.100233561
2843,0.233515978
11557,0.398808631
9398,0.111633054
10236,0.137760235
5409,0.221618609
12610,0.130920539
8527,0.475185236
5228,0.52888078
12086,0.390828986
353,0.204768307
12375,0.475185236
7875,0.081470224
6885,0.137760235
2716,0.389531752
1480,0.18600497
19012,0.137760235
13032,0.510117443
13234,0.20337942
13235,0.244417595
12026,0.137760235
1498,0.137760235
593,0.481527056
10565,0.149159728
8086,0.059811187
3649,0.132060488
13213,0.287093597
14629,0.475185236
17972,0.559541486
17611,0.265552485
16724,0.137760235
2967,0.526482955
7662,0.316732279
1594,0.137760235
13039,0.228956181
18483,0.114437101
3659,0.475185236
1198,0.130920539
3550,0.130920539
2414,0.475185236
8883,0.149159728
428,0.243775522
17595,0.100233561
3196,0.315343392
11657,0.594473693
16207,0.137760235
18577,0.191455779
1920,0.114437101
5888,0.137760235
6533,0.124172497
13072,0.137760235
16027,0.137760235
10874,0.20020851
2602,0.417689893
9382,0.130920539
9017,0.112157202
14179,0.130920539
6701,0.130920539
17506,0.475185236
16543,0.137760235
13190,0.137760235
9175,0.247837443
17907,0.131012193
15727,0.137760235
4955,0.14573988
8018,0.205659318
7862,0.191455779
6049,0.475185236
14636,0.475185236
15100,0.31559233
17168,0.353302312
1984,0.137760235
6948,0.313312431
13044,0.547644116
15605,0.137760235
10994,0.510117443
8579,0.093393865
2778,0.04104785
16693,0.092869717
3826,0.437658562
13353,0.293409145
3948,0.317872229
9108,0.093393865
17843,0.287093597
9686,0.372065649
16176,0.620417318
3173,0.137760235
13220,0.137760235
7677,0.272274255
16107,0.137760235
8054,0.175378563
9251,0.169796742
8915,0.191455779
8313,0.357770455
8956,0.137760235
15380,0.390828986
15873,0.093393865
1669,0.177225968
12627,0.475185236
17368,0.547644116
16333,0.598941836
5865,0.149159728
7713,0.548233647
6075,0.100233561
18633,0.348401922
686,0.116101198
13635,0.210219116
2376,0.141271737
4153,0.372065649
2719,0.339531266
7042,0.456421899
12459,0.149159728
16325,0.437658562
7465,0.081470224
12395,0.345231012
1034,0.437658562
3204,0.149159728
9198,0.137760235
9225,0.712936769
13469,0.112157202
2143,0.137760235
11840,0.184091935
13622,0.475185236
8328,0.093393865
5726,0.137760235
8879,0.137760235
3830,0.526482955
7281,0.547644116
13401,0.375511768
11500,0.149159728
15824,0.137760235
10690,0.137760235
3626,0.149159728
17752,0.137760235
15367,0.081470224
14504,0.345231012
9030,0.526482955
15010,0.137760235
7812,0.313312431
2633,0.137760235
162,0.137760235
15786,0.137760235
9798,0.093393865
5741,0.14573988
771,0.211856941
14741,0.137760235
2221,0.475185236
13722,0.232467683
8532,0.137760235
2697,0.265552485
7564,0.221618609
3751,0.289465149
17499,0.444524529
4138,0.297471066
3101,0.632000367
6785,0.191455779
1353,0.112157202
18086,0.52888078
6595,0.137760235
14076,0.100233561
8110,0.081470224
2259,0.430229336
892,0.093393865
10009,0.081470224
6353,0.126452396
11288,0.137760235
9520,0.357770455
18188,0.100233561
5327,0.100233561
14496,0.526482955
6278,0.149159728
17984,0.130920539
1602,0.205659318
7994,0.632000367
5218,0.137760235
444,0.221867547
578,0.111633054
13163,0.149159728
14540,0.210716992
14050,0.559541486
19109,0.475185236
17080,0.272274255
5543,0.184616083
472,0.437658562
13964,0.087169971
10434,0.210219116
17685,0.137760235
17020,0.430229336
13445,0.526482955
7756,0.137760235
1750,0.137760235
13611,0.130396391
11782,0.100233561
8849,0.174330267
3076,0.52888078
17303,0.197928611
11579,0.137760235
6110,0.20337942
18670,0.134432041
12536,0.130920539
16731,0.111633054
9493,0.437658562
15981,0.127592345
4077,0.100233561
5220,0.153195378
5719,0.400131888
7850,0.130396391
10153,0.137760235
4685,0.116101198
2487,0.137760235
4972,0.475185236
8507,0.475185236
8381,0.137760235
8677,0.225536333
3337,0.210219116
14118,0.118996898
17667,0.437658562
16213,0.14573988
7116,0.437658562
7245,0.229074107
14527,0.178798411
10376,0.137760235
3100,0.059811187
10083,0.129623305
13928,0.20337942
2342,0.20337942
226,0.173989675
13585,0.475185236
1470,0.363470202
11261,0.168538867
15287,0.20020851
13455,0.137760235
5432,0.130920539
14784,0.269994357
10796,0.317872229
6966,0.111633054
1080,0.165852746
12726,0.548233647
9927,0.128732294
9630,0.400131888
6940,0.353302312
15717,0.078574524
11858,0.100233561
2438,0.093393865
17508,0.544722145
12734,0.598941836
15812,0.143459982
2839,0.475185236
1369,0.632000367
13113,0.093393865
16718,0.130396391
12472,0.553841739
9606,0.305974859
15336,0.317872229
208,0.100233561
15337,0.137760235
9414,0.547644116
11080,0.137760235
14958,0.137760235
7102,0.137760235
10428,0.165119019
6271,0.205659318
6279,0.156615226
8791,0.137760235
10246,0.156615226
5324,0.177160585
13161,0.112157202
1622,0.149159728
4069,0.098936328
16564,0.547644116
12797,0.211856941
9326,0.213704346
12811,0.137760235
9900,0.100233561
16374,0.475185236
16671,0.137760235
15274,0.074630528
12662,0.100233561
18855,0.173989675
763,0.137760235
18306,0.444524529
3357,0.302004592
8160,0.138376037
4292,0.507195471
1229,0.137760235
2483,0.184616083
534,0.093393865
13312,0.427058426
17059,0.137760235
13640,0.112157202
9683,0.547644116
9893,0.475185236
13009,0.229074107
319,0.100233561
16551,0.179165274
14246,0.162681836
5739,0.172692442
18163,0.342453238
5148,0.475185236
16892,0.526482955
16433,0.111633054
12611,0.211856941
11674,0.096813713
4934,0.191455779
16191,0.141271737
13347,0.52888078
8899,0.137760235
1017,0.149159728
15612,0.192844666
9006,0.232467683
15187,0.297995214
13359,0.105933308
1284,0.149159728
1243,0.156615226
5405,0.137760235
445,0.510117443
8546,0.174330267
18158,0.126452396
9239,0.326991823
3012,0.149159728
11398,0.141271737
9438,0.313312431
5747,0.165852746
18307,0.269994357
10004,0.191455779
16068,0.132060488
10095,0.137760235
4755,0.244417595
3262,0.137760235
13885,0.126452396
8588,0.167149979
9471,0.310875248
6043,0.229323045
11155,0.137760235
11642,0.547644116
4387,0.130920539
10023,0.131012193
16820,0.284315822
6571,0.390828986
3032,0.210219116
10449,0.547644116
16603,0.100233561
12573,0.163979069
18843,0.168538867
14074,0.137760235
8435,0.475185236
16891,0.093393865
15956,0.137760235
6809,0.184616083
18217,0.137760235
18476,0.137760235
15424,0.149159728
7267,0.130920539
15683,0.149159728
7406,0.130920539
17615,0.547644116
11921,0.165119019
11327,0.400131888
15251,0.137760235
5514,0.174330267
2822,0.137760235
4112,0.137760235
8058,0.186895981
14708,0.20337942
12868,0.320243781
18300,0.312814555
2271,0.475185236
12728,0.137760235
5828,0.427307364
9944,0.456421899
3815,0.130920539
14424,0.16687477
3732,0.694173432
12036,0.522014812
13340,0.149159728
14794,0.156615226
3879,0.32252368
1121,0.302004592
17486,0.137760235
3658,0.149159728
10541,0.210219116
10933,0.20337942
12979,0.137760235
13558,0.202855272
7541,0.137760235
370,0.100233561
11201,0.525185722
2497,0.111633054
16899,0.137760235
2973,0.241587278
14055,0.092869717
11085,0.100233561
9840,0.292295467
12352,0.475185236
17497,0.136463001
2827,0.111633054
12864,0.218198761
5099,0.137760235
3534,0.191455779
5331,0.475185236
12357,0.137760235
6062,0.081470224
6888,0.284315822
7536,0.475185236
3932,0.137760235
18749,0.14573988
16713,0.286661103
6265,0.137760235
12241,0.357770455
2304,0.210219116
4146,0.510117443
1734,0.526482955
17248,0.540778149
8958,0.137760235
1431,0.191455779
9877,0.308228486
7584,0.163979069
13947,0.409068175
3744,0.095673764
4832,0.173989675
2344,0.111633054
6660,0.185756032
7390,0.130920539
6919,0.133200438
8161,0.21031077
19010,0.093393865
9846,0.475185236
10186,0.146565261
1725,0.112157202
14016,0.149159728
5277,0.326991823
15135,0.302004592
2375,0.137760235
783,0.174330267
357,0.137760235
10767,0.232467683
15828,0.137760235
15293,0.398808631
1436,0.463287866
16037,0.243775522
432,0.58576032
11919,0.301912938
3918,0.598941836
12750,0.437658562
16440,0.385771312
6979,0.437658562
6743,0.186895981
7526,0.092869717
8357,0.547644116
15129,0.204519369
3040,0.093393865
5325,0.437658562
4002,0.243867176
9368,0.100233561
13937,0.31559233
3122,0.61323703
17985,0.137760235
4054,0.463287866
8861,0.141271737
12094,0.47354741
436,0.427058426
9358,0.175378563
1073,0.52888078
18876,0.547644116
11260,0.437658562
19024,0.390828986
3398,0.409068175
6019,0.137760235
7365,0.384631363
14800,0.20337942
379,0.247837443
9170,0.137760235
14456,0.475185236
7808,0.141271737
1664,0.191455779
18955,0.326991823
11743,0.202855272
6322,0.210219116
18747,0.353852731
169,0.100233561
15272,0.475185236
2285,0.269994357
4801,0.130920539
6191,0.095673764
12994,0.475185236
7834,0.078574524
4799,0.137760235
10666,0.137760235
8247,0.437658562
8059,0.137760235
14774,0.127592345
6486,0.353302312
18022,0.149159728
9617,0.547644116
1587,0.160035074
14751,0.137760235
8423,0.137760235
8874,0.137760235
3017,0.149159728
8269,0.130920539
19052,0.475185236
10995,0.137760235
3203,0.184616083
2266,0.372065649
14475,0.211856941
267,0.118996898
10041,0.111633054
5291,0.204519369
13331,0.363221264
3153,0.137760235
15405,0.111633054
16991,0.374371819
3142,0.475185236
10621,0.246789148
13859,0.137760235
13344,0.510117443
3277,0.100233561
9536,0.137760235
8121,0.20337942
1322,0.243867176
11063,0.137760235
14403,0.137760235
14200,0.156615226
13223,0.100233561
1625,0.130920539
1990,0.354101669
4296,0.28139385
551,0.167149979
11965,0.137760235
17465,0.210219116
13825,0.244417595
14266,0.184616083
295,0.167149979
10288,0.208188155
987,0.52888078
262,0.093393865
16791,0.161699171
16145,0.210219116
4466,0.116101198
2890,0.163979069
5174,0.317872229
15322,0.547644116
8954,0.178798411
1512,0.210219116
1469,0.157139373
11530,0.137760235
13651,0.112157202
4285,0.210219116
10720,0.362697116
2565,0.100233561
702,0.100233561
2569,0.52888078
16344,0.134340387
13390,0.427058426
11319,0.179165274
18168,0.456421899
9938,0.137760235
18107,0.137760235
8561,0.390828986
18327,0.174330267
17384,0.111633054
12767,0.130920539
9463,0.118996898
11679,0.380687367
8744,0.149159728
8182,0.149159728
4672,0.510117443
5464,0.112157202
18003,0.232467683
382,0.198911276
4951,0.100233561
3466,0.670758644
15765,0.149159728
7213,0.173989675
14702,0.137760235
13542,0.390828986
11355,0.126452396
14268,0.130920539
7587,0.149159728
1879,0.287093597
9790,0.137760235
5178,0.130920539
14070,0.211856941
13099,0.370427823
12539,0.137851889
1233,0.137760235
7737,0.132060488
4283,0.456421899
4498,0.149159728
12480,0.137760235
18370,0.372065649
2858,0.074630528
5474,0.134340387
15020,0.475185236
11452,0.475185236
16907,0.111633054
14176,0.095673764
7760,0.547644116
2566,0.137760235
3391,0.210219116
11037,0.390828986
15397,0.100233561
329,0.097337861
14361,0.171958715
6912,0.100233561
18270,0.137760235
3380,0.137760235
10169,0.14573988
2404,0.580178499
2422,0.253013042
2234,0.100233561
18917,0.137760235
11791,0.299108892
1522,0.137760235
2576,0.137760235
1128,0.463287866
14495,0.112157202
978,0.456946046
6824,0.339531266
913,0.093393865
5153,0.081470224
682,0.137760235
17207,0.059287039
15203,0.118996898
16308,0.137760235
4834,0.149159728
3683,0.137760235
7542,0.344733136
1833,0.093393865
13106,0.547644116
2183,0.131012193
17404,0.130920539
6196,0.137760235
8393,0.437658562
18087,0.178798411
14517,0.137760235
7485,0.240997747
7914,0.363470202
14839,0.297995214
13280,0.161699171
13435,0.133200438
7345,0.437658562
16697,0.137760235
10074,0.240355674
14128,0.130920539
15116,0.463287866
13016,0.374371819
17376,0.149159728
2270,0.092869717
3023,0.173989675
10598,0.127592345
18588,0.547644116
9110,0.131012193
2173,0.444524529
13294,0.172692442
1743,0.111633054
7266,0.14573988
11529,0.137760235
16227,0.171958715
8855,0.510117443
11847,0.475185236
16326,0.111633054
11768,0.137760235
265,0.547644116
7924,0.218198761
10301,0.137760235
2131,0.409710248
1114,0.100233561
10761,0.132060488
10378,0.137760235
7739,0.173989675
3061,0.092869717
9413,0.062706887
14923,0.153929105
9682,0.437658562
9371,0.302004592
6207,0.547644116
7858,0.130920539
2535,0.111633054
8343,0.112157202
14848,0.475185236
11745,0.137760235
1571,0.437658562
17073,0.188560078
6847,0.143459982
9664,0.23643795
17085,0.137760235
11706,0.111633054
9622,0.137760235
4846,0.137760235
2446,0.339531266
8701,0.137760235
9612,0.16687477
3963,0.161699171
16837,0.475185236
8749,0.353302312
18281,0.136803593
11640,0.149159728
12756,0.137760235
16276,0.100233561
14850,0.493175487
8556,0.185638107
14034,0.112157202
8348,0.244417595
14878,0.137760235
6334,0.111633054
5901,0.137760235
4092,0.130920539
2387,0.475185236
13606,0.345231012
7093,0.401088529
6563,0.137760235
2110,0.390828986
12044,0.149159728
18014,0.437658562
15417,0.116101198
2933,0.111633054
7521,0.547644116
12096,0.137760235
10978,0.390828986
9151,0.1196127
781,0.199317499
11779,0.550421891
17161,0.149159728
4591,0.28139385
15543,0.130920539
4272,0.130920539
3770,0.067175031
7200,0.149159728
8782,0.598941836
5563,0.137760235
3856,0.526482955
7784,0.510117443
13896,0.137760235
10452,0.23643795
5656,0.475185236
18650,0.283149601
2972,0.215027851
1278,0.137760235
4128,0.126452396
10413,0.112157202
15412,0.475185236
16644,0.130920539
19017,0.137760235
7668,0.137760235
651,0.078574524
2011,0.130763255
8941,0.184616083
18536,0.167149979
10337,0.175378563
12414,0.435929082
1988,0.547644116
8298,0.129623305
8921,0.133200438
22,0.232467683
17021,0.312172482
2891,0.137760235
11170,0.475185236
17819,0.130920539
5034,0.137760235
5020,0.100233561
32,0.210219116
16778,0.137760235
12970,0.233515978
2369,0.149159728
8093,0.210219116
12925,0.475185236
8424,0.111633054
4902,0.137760235
16912,0.199317499
2275,0.547644116
6951,0.130920539
3278,0.374463473
8590,0.39322681
8432,0.172692442
6614,0.459868018
942,0.137760235
5230,0.265552485
11033,0.437658562
4578,0.234158052
2578,0.380687367
3587,0.163979069
6926,0.547644116
2230,0.100233561
18413,0.062706887
3810,0.473888002
7316,0.137760235
4847,0.111633054
10175,0.184616083
4660,0.162681836
2130,0.137760235
12173,0.475185236
8940,0.475185236
2119,0.137760235
11856,0.078574524
2353,0.100233561
7813,0.137760235
10596,0.126452396
6538,0.137760235
9369,0.137760235
8427,0.137760235
13685,0.475185236
17424,0.199317499
8698,0.553841739
16945,0.137760235
9530,0.149159728
5637,0.173989675
18558,0.093393865
4809,0.269994357
6482,0.390828986
46,0.475185236
6137,0.096813713
1407,0.185638107
16742,0.100233561
18969,0.130920539
7930,0.137760235
10970,0.100233561
9867,0.127592345
14298,0.118996898
5143,0.137760235
124,0.268448185
985,0.100233561
7078,0.131012193
19066,0.149159728
1819,0.100233561
9921,0.211856941
5923,0.221618609
5623,0.199317499
9127,0.175378563
5884,0.526482955
18298,0.210219116
3390,0.215027851
10145,0.137760235
13351,0.390828986
2287,0.093393865
9722,0.093393865
10472,0.100233561
3113,0.137760235
10979,0.137760235
754,0.228956181
1106,0.463287866
16234,0.425761192
6472,0.547644116
17362,0.130920539
17031,0.481002908
7352,0.126452396
2358,0.463287866
11592,0.475185236
15992,0.238717849
5267,0.137760235
15976,0.130920539
13659,0.100233561
14567,0.326991823
9576,0.149159728
5320,0.137760235
11687,0.475185236
2392,0.221618609
6714,0.174330267
11803,0.173989675
11798,0.137760235
7408,0.111633054
4582,0.510117443
12398,0.137760235
18916,0.171958715
533,0.475185236
15240,0.167149979
9137,0.149159728
13413,0.14573988
1031,0.137760235
15137,0.137760235
18361,0.411465999
4900,0.249566923
15861,0.137760235
7921,0.204768307
1036,0.210219116
18029,0.210219116
14388,0.130920539
5273,0.137760235
10096,0.192844666
3891,0.137760235
13187,0.100233561
8742,0.126452396
15466,0.446686503
4523,0.559541486
7256,0.149159728
12111,0.326991823
525,0.137760235
13614,0.133200438
5385,0.126452396
16883,0.137760235
13299,0.547644116
10546,0.137760235
12648,0.137760235
14661,0.130920539
12836,0.427058426
2486,0.481527056
8856,0.152330638
11395,0.32252368
3699,0.242727227
12690,0.348401922
6549,0.598941836
9484,0.059811187
16297,0.399450704
3195,0.317872229
2474,0.193093604
2627,0.093393865
7900,0.269994357
4197,0.118996898
1013,0.081470224
17946,0.118996898
5014,0.475185236
8824,0.111633054
11078,0.559541486
9303,0.221618609
5638,0.475185236
3911,0.062706887
14156,0.137760235
17679,0.202855272
16069,0.186895981
203,0.547644116
10958,0.137760235
11415,0.137760235
13473,0.184616083
16739,0.475185236
401,0.137760235
9465,0.547644116
10218,0.062706887
1574,0.152330638
13411,0.149159728
285,0.598299763
4211,0.234158052
8926,0.137760235
11127,0.165852746
5216,0.137760235
16426,0.137760235
17937,0.133200438
9238,0.175378563
9939,0.52888078
5335,0.204519369
6654,0.289465149
2431,0.149159728
2991,0.200051226
16610,0.108213206
17578,0.137760235
7039,0.409068175
4555,0.186895981
14516,0.137760235
926,0.149159728
1962,0.137760235
9861,0.62630062
6195,0.148111433
8268,0.511414676
9183,0.118996898
291,0.137760235
14512,0.137760235
8982,0.133200438
14538,0.161790825
12380,0.191455779
8516,0.149159728
18569,0.475185236
391,0.425761192
11189,0.137760235
9560,0.475185236
15970,0.137760235
12729,0.165852746
3214,0.427058426
8374,0.38978069
999,0.137760235
16030,0.093393865
4978,0.149159728
8657,0.149159728
14737,0.598941836
15719,0.137760235
3248,0.137760235
9778,0.093393865
4849,0.149159728
9323,0.23933365
5392,0.475185236
12762,0.221618609
18060,0.547644116
8591,0.137760235
14129,0.175378563
2370,0.137760235
15561,0.100233561
14226,0.559541486
4363,0.302004592
1915,0.417689893
3221,0.342951114
2115,0.492651339
9203,0.221618609
3051,0.390828986
6999,0.437658562
15791,0.161790825
400,0.171958715
16605,0.475185236
6197,0.20020851
7097,0.124172497
4329,0.210219116
4967,0.137760235
17109,0.116101198
17831,0.178798411
17154,0.400131888
572,0.161790825
419,0.137760235
4843,0.137760235
16627,0.427923166
14327,0.095673764
17898,0.547644116
5576,0.137760235
2430,0.174330267
7500,0.130920539
7501,0.130920539
15028,0.43731797
13399,0.62630062
1487,0.232467683
3894,0.165852746
10700,0.137760235
6244,0.20337942
18479,0.100233561
8148,0.059811187
7112,0.297995214
14065,0.475185236
97,0.598941836
15919,0.137760235
11998,0.137760235
14486,0.163979069
15481,0.413130096
14410,0.126452396
14996,0.100233561
14973,0.137760235
19079,0.137760235
9298,0.302004592
10510,0.265552485
17057,0.483898608
14518,0.137760235
15840,0.149159728
4249,0.137760235
15376,0.078574524
2694,0.137760235
1380,0.137760235
5010,0.675816317
8788,0.174330267
1959,0.173989675
4175,0.137851889
2282,0.149159728
6442,0.137760235
6039,0.234747582
18939,0.58576032
6166,0.512895217
10574,0.233515978
4500,0.093393865
12211,0.130396391
7421,0.280345555
9830,0.153195378
573,0.475185236
4451,0.137760235
14292,0.137760235
5217,0.137760235
12853,0.111633054
6504,0.112157202
1257,0.380687367
14007,0.191455779
12239,0.153195378
732,0.559541486
2555,0.07410638
225,0.221618609
8578,0.248086382
16840,0.137760235
18347,0.58576032
13144,0.20020851
11071,0.094533814
189,0.390828986
8241,0.149159728
3441,0.100233561
1260,0.137760235
3417,0.475185236
7189,0.126452396
10042,0.219836586
18443,0.510117443
1219,0.210219116
2918,0.166258968
11247,0.198020265
18976,0.475185236
15882,0.137760235
8781,0.211856941
5370,0.52888078
709,0.475185236
3296,0.547644116
16097,0.137760235
3066,0.149159728
3660,0.184340873
14607,0.149159728
17517,0.437658562
10731,0.658219201
3945,0.137760235
2675,0.277659434
9247,0.137760235
8722,0.232467683
3353,0.067175031
309,0.14573988
16059,0.100233561
3724,0.111633054
882,0.23643795
127,0.137760235
4269,0.166258968
18193,0.58576032
8037,0.152330638
2797,0.210219116
4051,0.317872229
8064,0.137760235
11442,0.173989675
18928,0.149159728
6600,0.475185236
581,0.344733136
15216,0.58576032
2649,0.437658562
14673,0.437658562
15220,0.104701704
18046,0.116101198
8016,0.437658562
16237,0.137760235
6456,0.547644116
17655,0.137760235
10893,0.272274255
8703,0.475185236
16696,0.111633054
5869,0.137760235
1781,0.211856941
4410,0.243775522
1476,0.149159728
8249,0.475185236
6090,0.137760235
1716,0.437658562
13314,0.243867176
12810,0.206248848
14258,0.595770926
8300,0.130920539
2312,0.265552485
16437,0.100233561
3931,0.365868026
18437,0.137760235
14366,0.113297151
6451,0.100233561
11211,0.374463473
8534,0.112157202
12087,0.130396391
4309,0.215027851
2432,0.272274255
18904,0.132060488
16154,0.302004592
5401,0.475185236
6587,0.401088529
15982,0.221618609
10551,0.100233561
12863,0.52888078
12855,0.129348096
4569,0.510117443
2924,0.081470224
17990,0.437658562
14597,0.166258968
15995,0.137760235
3906,0.137760235
15200,0.166625832
3394,0.149159728
4925,0.100233561
6634,0.185389169
78,0.284315822
7833,0.137760235
2323,0.188035931
7835,0.131012193
10141,0.137760235
12715,0.112157202
2362,0.316732279
4433,0.093393865
14952,0.437658562
15307,0.062706887
2108,0.475185236
11350,0.137760235
6400,0.475185236
15392,0.510117443
1283,0.111633054
5051,0.463287866
8482,0.20337942
11891,0.206248848
1100,0.137760235
18655,0.398808631
12830,0.547644116
11139,0.074630528
11118,0.141271737
18302,0.475185236
18615,0.210219116
3379,0.062706887
8616,0.390828986
16783,0.100233561
9353,0.137760235
15461,0.462763719
196,0.137760235
17103,0.297353141
3048,0.409068175
13879,0.172692442
9009,0.111633054
16754,0.316326057
14071,0.456421899
7410,0.149159728
1039,0.137760235
7532,0.149159728
1864,0.067175031
12765,0.475185236
14630,0.437658562
6412,0.221618609
15077,0.094533814
8973,0.20337942
9046,0.149159728
16500,0.137760235
6139,0.062706887
3369,0.456421899
12527,0.475185236
5575,0.169796742
795,0.093393865
6759,0.475185236
15663,0.169796742
14743,0.137760235
9666,0.078574524
76,0.131012193
18400,0.185756032
10915,0.149159728
14698,0.510117443
2926,0.137760235
14127,0.137760235
11013,0.062706887
9628,0.510117443
4116,0.137760235
5163,0.511414676
7201,0.133200438
9356,0.126452396
14666,0.215027851
12720,0.475185236
3132,0.221618609
10646,0.427058426
10975,0.184616083
6580,0.272274255
14440,0.211856941
351,0.315775638
8865,0.149159728
14609,0.100233561
8992,0.133200438
17260,0.126452396
516,0.137760235
2854,0.215027851
7600,0.384631363
18344,0.116101198
18094,0.137760235
646,0.425761192
18693,0.510117443
1027,0.118996898
2706,0.206248848
235,0.1196127
19115,0.070686532
18861,0.130920539
16133,0.130920539
11496,0.093393865
13397,0.137760235
8316,0.137760235
17598,0.149159728
3458,0.463536804
4895,0.178798411
17306,0.1196127
14797,0.14573988
4409,0.437658562
9383,0.622880772
11898,0.149159728
17070,0.078574524
3322,0.137760235
4874,0.111633054
3620,0.137760235
3763,0.137760235
18719,0.287093597
17433,0.163979069
5703,0.247837443
10015,0.118996898
17247,0.184616083
1296,0.475185236
358,0.137760235
14890,0.202855272
5223,0.448966401
3303,0.547644116
10884,0.100233561
12532,0.39322681
14139,0.234747582
4210,0.398808631
17896,0.317872229
16954,0.078574524
290,0.205659318
13199,0.134340387
3592,0.137760235
12828,0.411990147
6356,0.148386642
6313,0.475185236
13583,0.137760235
13105,0.559541486
794,0.078574524
749,0.421109741
12126,0.293409145
11408,0.639455864
10757,0.547644116
2468,0.137760235
7052,0.137760235
12057,0.390828986
18877,0.510117443
18997,0.137760235
6786,0.475185236
7580,0.28139385
14442,0.116101198
6335,0.456421899
18457,0.137760235
17165,0.247837443
13063,0.472590769
15694,0.137760235
2520,0.210219116
967,0.081470224
3343,0.09120562
13668,0.184616083
11174,0.52888078
15816,0.243775522
5336,0.670758644
4679,0.516315065
14994,0.081470224
7263,0.204519369
10962,0.210219116
16341,0.137760235
3059,0.137760235
3240,0.149159728
9222,0.225536333
6392,0.149159728
5610,0.131012193
3449,0.093393865
16177,0.137760235
16570,0.475185236
4180,0.308228486
1575,0.475185236
8310,0.133200438
11827,0.137760235
17953,0.108213206
23,0.301912938
16573,0.137760235
12400,0.14573988
9999,0.116101198
3873,0.598941836
14047,0.1196127
12940,0.35875312
5909,0.193093604
1964,0.126452396
13377,0.093393865
9086,0.137760235
9134,0.674519084
16305,0.23643795
13726,0.475185236
3314,0.137760235
14000,0.137760235
3813,0.210219116
5669,0.547644116
15388,0.547644116
19090,0.134340387
7154,0.521425282
7244,0.553841739
4174,0.137760235
8566,0.093393865
2683,0.371541501
7998,0.108213206
9038,0.215918862
10724,0.297720004
10454,0.14977553
14979,0.390828986
9654,0.271776379
10705,0.191455779
11146,0.475185236
12777,0.116101198
6250,0.178798411
5889,0.437658562
857,0.096905367
8784,0.132060488
258,0.463536804
7844,0.225012185
3372,0.475185236
9754,0.137760235
13820,0.475185236
2136,0.137760235
4041,0.210219116
3410,0.210219116
8011,0.137760235
18849,0.221618609
6993,0.437658562
8719,0.160035074
4075,0.313312431
11776,0.093393865
21,0.093393865
7852,0.344457927
17280,0.161699171
18345,0.221618609
12996,0.130920539
15132,0.211856941
9543,0.11557705
4248,0.137760235
3603,0.149159728
7010,0.111633054
6969,0.137760235
16418,0.149159728
11790,0.234747582
2090,0.547644116
15283,0.268697123
18282,0.325969799
1636,0.137760235
17460,0.173989675
736,0.52888078
9459,0.199435424
17786,0.178798411
17897,0.272274255
11105,0.269994357
9967,0.173989675
6148,0.093393865
1153,0.149159728
303,0.437658562
15438,0.134340387
7270,0.178798411
11941,0.14977553
8885,0.100233561
1590,0.137760235
5643,0.147495631
6447,0.093393865
17042,0.137760235
2679,0.20337942
18334,0.128732294
7588,0.074630528
14875,0.210219116
3425,0.174330267
12733,0.437658562
9650,0.126452396
2466,0.475185236
3361,0.210219116
6608,0.221618609
16332,0.149159728
13328,0.221618609
15695,0.133567301
16818,0.137760235
7693,0.481527056
5895,0.095673764
9725,0.132060488
13552,0.320243781
5600,0.475185236
6924,0.100233561
15407,0.100233561
19131,0.302004592
935,0.475185236
4567,0.173989675
14801,0.112157202
4114,0.116101198
9246,0.137760235
1675,0.149159728
12569,0.475185236
6583,0.191455779
3557,0.137760235
18478,0.475185236
19049,0.126452396
6896,0.137760235
6180,0.149159728
10829,0.175378563
14185,0.161699171
6206,0.303262467
4534,0.137760235
4425,0.510117443
8373,0.334041099
7405,0.199435424
1576,0.437658562
3124,0.094533814
8417,0.425761192
14663,0.137760235
5731,0.174330267
5103,0.128732294
9651,0.210219116
6448,0.547644116
9097,0.137760235
13320,0.401088529
2205,0.475185236
7311,0.21031077
3008,0.118996898
14640,0.221618609
2501,0.206799268
16231,0.151033405
2840,0.116101198
14172,0.081470224
3387,0.475185236
19009,0.137760235
18564,0.232467683
4546,0.161699171
5126,0.293409145
9165,0.272274255
9258,0.095673764
5624,0.100233561
12960,0.181694111
6891,0.100233561
10996,0.475185236
5341,0.100233561
10443,0.52888078
7572,0.221618609
15802,0.475185236
11842,0.118996898
16281,0.078574524
3289,0.137760235
17271,0.463287866
6409,0.137760235
15222,0.233515978
7648,0.161699171
18720,0.293435417
13946,0.137760235
2744,0.118996898
5366,0.191455779
18239,0.326991823
18791,0.475185236
4913,0.109968957
8624,0.149159728
3907,0.137760235
13407,0.210219116
7324,0.149159728
11432,0.078574524
11089,0.137760235
10883,0.137760235
14557,0.137760235
13849,0.151033405
16392,0.149159728
951,0.137760235
10275,0.137760235
7842,0.169796742
3049,0.184616083
18690,0.289740359
18738,0.255882471
1050,0.127592345
16599,0.111633054
18661,0.137760235
6978,0.067175031
10099,0.175378563
7574,0.118996898
14579,0.547644116
9739,0.167149979
16738,0.475185236
14024,0.146355682
16384,0.111633054
7220,0.112157202
15595,0.215027851
9117,0.411439727
16380,0.437658562
9771,0.137760235
17979,0.374463473
11062,0.173989675
11365,0.456421899
15206,0.131012193
14671,0.078574524
2214,0.312172482
3146,0.417689893
12095,0.211856941
14330,0.149159728
2721,0.149159728
10302,0.23117045
14534,0.137760235
15260,0.137760235
13819,0.475185236
7231,0.200051226
6524,0.531658554
13518,0.100233561
12643,0.137760235
10163,0.178798411
14261,0.427307364
17999,0.14573988
4330,0.173989675
1882,0.526482955
17983,0.481527056
9645,0.547644116
17755,0.074630528
8833,0.475185236
13114,0.317872229
1455,0.149159728
6044,0.111633054
15498,0.134340387
16915,0.100233561
14061,0.149159728
1937,0.354101669
961,0.191455779
2435,0.20337942
10587,0.093393865
18560,0.30542444
16223,0.149159728
5297,0.132060488
6434,0.116101198
15284,0.547644116
8259,0.390828986
18145,0.175378563
18051,0.320767929
219,0.137760235
2689,0.475185236
13414,0.374371819
16745,0.193093604
3436,0.097337861
1264,0.191455779
5374,0.384631363
5629,0.427307364
1208,0.547644116
11065,0.141271737
3897,0.130920539
6092,0.269994357
16942,0.137760235
3655,0.188560078
17319,0.325969799
2420,0.137760235
10922,0.184091935
15288,0.137760235
2662,0.510117443
7646,0.116101198
986,0.137760235
17630,0.107689059
2289,0.100233561
15351,0.108213206
1195,0.116101198
3125,0.111633054
1534,0.149159728
11752,0.062706887
12110,0.114437101
2138,0.161790825
9802,0.137760235
16557,0.475185236
2002,0.137760235
8869,0.111633054
3086,0.556947019
17195,0.100233561
11068,0.100233561
5470,0.161699171
16612,0.137760235
711,0.306223797
16368,0.20337942
10726,0.228956181
17631,0.165852746
960,0.511414676
2525,0.118996898
8999,0.390828986
6662,0.171958715
2313,0.547644116
7775,0.100233561
7868,0.306223797
6597,0.130396391
12684,0.510117443
5568,0.116101198
8052,0.147089409
2037,0.119088552
8957,0.427058426
17656,0.137760235
661,0.130920539
4124,0.137760235
7442,0.137760235
10408,0.547644116
2398,0.210219116
2979,0.313312431
10772,0.20020851
13255,0.137760235
2833,0.097337861
16691,0.137760235
12462,0.124696645
14450,0.137760235
200,0.137851889
16099,0.168538867
12328,0.191455779
9957,0.483898608
13326,0.137760235
17992,0.510117443
3767,0.100233561
14032,0.198911276
2852,0.200457448
15442,0.475185236
15905,0.100233561
17297,0.137760235
11564,0.131012193
10440,0.184616083
18532,0.100233561
19023,0.149159728
4158,0.100233561
4708,0.52888078
10190,0.126452396
1473,0.415409995
9613,0.411990147
3816,0.137760235
11648,0.137760235
13174,0.475185236
2415,0.137760235
9521,0.173989675
17169,0.522014812
14659,0.097337861
2652,0.390828986
6909,0.100233561
9184,0.130920539
15792,0.141271737
10603,0.246789148
17762,0.193093604
13391,0.344733136
1167,0.475185236
13374,0.100233561
12508,0.137760235
12316,0.510274727
9119,0.168538867
18596,0.427307364
2311,0.137760235
11682,0.437658562
13678,0.137760235
12586,0.210219116
18155,0.353302312
6559,0.312172482
12632,0.475185236
15743,0.59007118
12673,0.210219116
8156,0.165852746
3160,0.100233561
18550,0.191455779
1026,0.547644116
19007,0.475185236
1242,0.390828986
12663,0.174330267
9317,0.112157202
13818,0.143459982
762,0.340671215
18468,0.553841739
11854,0.149159728
10407,0.32569459
7656,0.170569827
3889,0.211856941
12590,0.437658562
2699,0.475185236
4230,0.173989675
16721,0.475185236
12274,0.437658562
13912,0.137760235
10049,0.173989675
2988,0.269994357
15467,0.199317499
12717,0.384631363
4952,0.126452396
5309,0.149159728
14347,0.129623305
2056,0.062706887
6685,0.067175031
10255,0.191455779
15709,0.096813713
1000,0.437658562
1860,0.137760235
11733,0.427058426
9915,0.137760235
15747,0.137851889
3270,0.269994357
11645,0.362172968
17224,0.284315822
13978,0.130920539
18134,0.134432041
4875,0.116101198
9834,0.184616083
5488,0.427058426
10164,0.095673764
17780,0.390828986
1301,0.173989675
3728,0.547644116
3817,0.130396391
6693,0.137760235
18933,0.097337861
16000,0.111633054
11271,0.093393865
9307,0.475185236
5919,0.137760235
1877,0.312172482
2238,0.437658562
14570,0.132060488
15744,0.210219116
1644,0.163979069
2898,0.067175031
12804,0.062706887
4827,0.112157202
8055,0.317872229
16836,0.137760235
2318,0.437658562
15210,0.137760235
17857,0.137760235
6687,0.475185236
13874,0.137760235
10966,0.393999895
1091,0.100233561
14669,0.137760235
10259,0.463287866
8032,0.264386264
17398,0.547644116
18681,0.188560078
1855,0.137760235
1633,0.181694111
14536,0.510117443
14460,0.167149979
6737,0.326991823
16633,0.149159728
18065,0.748275198
5070,0.475185236
19019,0.137760235
15573,0.137760235
14331,0.137760235
18715,0.265552485
13271,0.100233561
11577,0.137760235
1951,0.323689901
10617,0.137760235
17855,0.475185236
1715,0.137760235
12004,0.137760235
12872,0.553841739
6382,0.130920539
18084,0.137760235
14752,0.160035074
12674,0.437658562
12382,0.390828986
11428,0.149159728
16650,0.137760235
10205,0.181445173
15024,0.243775522
9230,0.297995214
12235,0.475185236
3252,0.204519369
3071,0.137760235
2551,0.559541486
4508,0.137760235
4189,0.632000367
16667,0.463287866
11192,0.173989675
1406,0.20337942
6632,0.232467683
16299,0.093393865
12884,0.149159728
11471,0.206890922
8476,0.210219116
4806,0.475185236
15103,0.100233561
14296,0.526482955
2631,0.20337942
15602,0.344733136
2188,0.172692442
6750,0.149159728
5683,0.137760235
3876,0.137760235
7023,0.130920539
5127,0.390828986
632,0.149159728
15516,0.437658562
9267,0.100233561
16862,0.390828986
5310,0.475185236
373,0.342453238
2007,0.269994357
8894,0.475185236
6561,0.303052887
4237,0.210219116
1251,0.149159728
2201,0.269994357
17796,0.357770455
3013,0.184091935
17189,0.559541486
4155,0.353302312
5459,0.562712396
17263,0.475185236
17673,0.149159728
15555,0.093393865
13950,0.174330267
10649,0.149159728
13632,0.390828986
6628,0.137760235
3405,0.210219116
1516,0.137760235
9534,0.111633054
10306,0.129623305
3272,0.401088529
10130,0.172692442
481,0.437658562
18456,0.137760235
6298,0.243775522
16464,0.137760235
16257,0.100233561
10929,0.186895981
4282,0.126452396
4537,0.632000367
11218,0.475185236
297,0.284315822
18966,0.475185236
8848,0.137760235
1401,0.100233561
5565,0.126452396
5049,0.187485512
4737,0.137760235
5837,0.180554162
10674,0.137760235
13019,0.283149601
11362,0.126452396
9970,0.137760235
9026,0.100233561
8133,0.114437101
13111,0.112157202
4135,0.100233561
14096,0.149159728
4753,0.401088529
18253,0.132060488
12867,0.475185236
5055,0.289465149
3318,0.133200438
6027,0.137760235
9286,0.547644116
8806,0.221618609
9252,0.510117443
3736,0.374463473
17335,0.137851889
15414,0.137760235
650,0.149159728
18885,0.07410638
10658,0.272274255
3228,0.363221264
8686,0.178798411
15685,0.185389169
2046,0.157139373
517,0.390828986
17173,0.233515978
14717,0.272274255
13109,0.547644116
3947,0.396646658
11729,0.092869717
299,0.526482955
16438,0.111633054
1960,0.547644116
8484,0.137760235
6499,0.566996984
1298,0.399450704
11321,0.100233561
3648,0.137760235
4920,0.617181025
15148,0.191455779
4102,0.340671215
4420,0.342453238
10961,0.100233561
15049,0.126452396
5468,0.246789148
14465,0.081470224
13898,0.279231877
3745,0.137760235
6509,0.130920539
14299,0.225536333
328,0.116101198
17579,0.163979069
5771,0.475185236
4669,0.183449862
5299,0.165119019
17470,0.143459982
1952,0.194941009
7210,0.126452396
13502,0.062706887
1025,0.137760235
1415,0.096813713
12108,0.167149979
15502,0.475185236
13259,0.243775522
3741,0.210219116
8197,0.210219116
7128,0.137760235
10652,0.126452396
7797,0.137760235
16716,0.100233561
10421,0.130920539
4194,0.137760235
17814,0.093393865
13501,0.149159728
18842,0.137760235
3950,0.390331109
11599,0.161699171
7759,0.269994357
1981,0.475185236
10003,0.074630528
14694,0.510117443
181,0.137760235
10268,0.137760235
7763,0.191455779
6069,0.163979069
9015,0.475185236
2388,0.137760235
8596,0.156615226
4745,0.475185236
13175,0.141271737
14555,0.137760235
3110,0.211856941
10045,0.52888078
6065,0.165852746
3561,0.437658562
3423,0.475185236
14432,0.130920539
14110,0.473888002
2550,0.137760235
1565,0.111633054
221,0.110859969
4066,0.198911276
16695,0.475185236
3450,0.100233561
15327,0.475185236
14232,0.251257291
3250,0.52888078
9965,0.173989675
1157,0.137760235
8829,0.475185236
5496,0.344457927
6263,0.163979069
7997,0.232467683
11958,0.126452396
10525,0.137760235
10308,0.210219116
3311,0.475185236
8803,0.116101198
12043,0.137760235
9828,0.137760235
5192,0.253013042
8361,0.137760235
17151,0.225536333
1250,0.547644116
19132,0.168538867
3308,0.130396391
149,0.118996898
133,0.427307364
4246,0.137760235
3975,0.100233561
10427,0.253510919
1086,0.130920539
17749,0.475185236
10504,0.444524529
11574,0.191455779
13287,0.174330267
11763,0.211856941
7216,0.149159728
7474,0.353302312
14297,0.132060488
9221,0.463287866
15342,0.297995214
12705,0.137760235
18767,0.137760235
3785,0.529404927
17156,0.344733136
18102,0.481527056
17863,0.221618609
5652,0.202855272
11956,0.14573988
6674,0.19207158
10668,0.161699171
1555,0.279205605
16363,0.137760235
930,0.137760235
13026,0.390828986
8325,0.488956282
5452,0.547644116
2215,0.287093597
13074,0.363221264
14027,0.137760235
16246,0.357770455
2883,0.081470224
9096,0.111633054
2356,0.137760235
1235,0.401088529
1124,0.137760235
19054,0.475185236
11017,0.375603422
12832,0.222234411
9461,0.55270179
17917,0.198911276
18746,0.316234403
8491,0.078574524
2315,0.280004963
4398,0.100233561
7369,0.232467683
12038,0.149159728
17714,0.149159728
7837,0.229074107
8258,0.130396391
17862,0.598941836
7719,0.137760235
4949,0.52888078
6897,0.20020851
17116,0.111633054
1345,0.437658562
9112,0.108213206
3547,0.380687367
2611,0.219836586
7336,0.100233561
13574,0.475185236
6889,0.234747582
183,0.078574524
14315,0.100233561
6209,0.137760235
1359,0.173989675
8976,0.137760235
18072,0.580178499
7830,0.210219116
18055,0.390828986
1668,0.137760235
8903,0.116101198
18209,0.118996898
1434,0.390828986
10567,0.141271737
16980,0.130920539
9761,0.275785757
2516,0.137760235
8756,0.100233561
14653,0.275785757
18089,0.173989675
10486,0.076910427
2545,0.100233561
15754,0.195989305
18572,0.092869717
438,0.141271737
18646,0.111633054
11302,0.137760235
3106,0.137760235
3117,0.074630528
10152,0.137760235
17490,0.475185236
1463,0.137851889
18201,0.172692442
8340,0.320243781
12834,0.137760235
9655,0.302004592
15637,0.137760235
12333,0.184616083
241,0.191455779
522,0.559541486
12742,0.126452396
2946,0.118996898
14135,0.401088529
6493,0.475185236
3687,0.475185236
10040,0.156615226
18449,0.547644116
19013,0.427307364
12426,0.32569459
380,0.126452396
3710,0.137760235
10253,0.174330267
5337,0.184616083
3493,0.232467683
4531,0.437658562
7404,0.133200438
1007,0.463287866
17619,0.137760235
15836,0.475185236
6487,0.178798411
1918,0.100233561
8207,0.265552485
10696,0.345231012
2140,0.137760235
1238,0.62630062
1108,0.134340387
11724,0.178798411
3860,0.210219116
12023,0.211856941
11187,0.126452396
18897,0.137760235
12525,0.149159728
8104,0.132060488
5530,0.204768307
7953,0.302004592
4181,0.062706887
15156,0.317872229
7411,0.137760235
5965,0.344457927
7582,0.409068175
13582,0.272274255
9415,0.390828986
2309,0.437658562
17407,0.58576032
11535,0.175378563
11739,0.269994357
2518,0.163979069
2023,0.511414676
8486,0.360050354
18895,0.241587278
11227,0.149159728
3267,0.100233561
2081,0.132060488
255,0.168538867
7034,0.149159728
962,0.126452396
8406,0.475185236
14412,0.137760235
2639,0.510117443
9882,0.165852746
2426,0.547644116
15849,0.547644116
7351,0.111633054
6408,0.178798411
14078,0.105933308
19113,0.481527056
13200,0.475185236
4619,0.127592345
8542,0.547644116
14554,0.104701704
18367,0.30542444
2784,0.475185236
17690,0.32569459
18469,0.188560078
11280,0.269994357
14023,0.134340387
5130,0.353302312
13466,0.210219116
15179,0.475185236
7603,0.130920539
14561,0.137760235
15755,0.093393865
13866,0.475185236
9813,0.344091063
140,0.425761192
6803,0.118996898
7225,0.126452396
11988,0.126452396
16450,0.169796742
3565,0.289465149
13481,0.475185236
1490,0.137760235
7860,0.126452396
1142,0.559541486
10348,0.100233561
15669,0.137760235
16153,0.137760235
1689,0.126452396
10641,0.137760235
10615,0.415409995
12596,0.211856941
2439,0.137760235
4267,0.258096987
12359,0.088925722
4468,0.20337942
15174,0.137760235
2345,0.137760235
1799,0.149159728
14081,0.437658562
17115,0.437658562
819,0.437658562
11196,0.093393865
7762,0.206248848
9152,0.475185236
14008,0.210219116
843,0.067175031
12266,0.100233561
17559,0.133200438
16638,0.354101669
12247,0.149159728
3809,0.559541486
13206,0.137760235
1913,0.193093604
15787,0.173190318
9646,0.145215732
12454,0.437658562
15887,0.149159728
7492,0.206248848
3951,0.20337942
6172,0.152330638
13646,0.149159728
11633,0.137760235
9652,0.130920539
417,0.210219116
19083,0.096813713
3292,0.475185236
5961,0.357770455
1234,0.081470224
7233,0.475185236
3227,0.225536333
15311,0.353302312
19035,0.30542444
8303,0.149159728
17731,0.166992695
3846,0.475185236
2261,0.510117443
2935,0.177501177
4361,0.279113951
14369,0.137760235
18393,0.437658562
9922,0.218198761
8607,0.553841739
10964,0.475185236
821,0.062706887
2494,0.096813713
854,0.137760235
9401,0.137760235
6074,0.163979069
17177,0.174330267
11718,0.621714551
17713,0.137760235
11636,0.133200438
16307,0.475185236
13782,0.130920539
5707,0.137760235
14726,0.111633054
7208,0.547644116
662,0.100233561
6748,0.213704346
15920,0.166258968
5922,0.062706887
7092,0.100233561
18534,0.158462631
15893,0.211856941
2777,0.473888002
11838,0.345231012
250,0.149159728
19151,0.47354741
13368,0.137760235
15879,0.137760235
8779,0.149159728
9071,0.104701704
10810,0.191455779
19004,0.363470202
8611,0.384631363
540,0.092869717
16511,0.284315822
1677,0.210219116
3276,0.197155525
13615,0.116101198
16630,0.137760235
10166,0.130920539
12650,0.16687477
85,0.178798411
13050,0.163979069
12545,0.214752641
9732,0.272365909
1683,0.232467683
6089,0.52888078
7053,0.137760235
12199,0.130920539
12936,0.205659318
5607,0.491354106
15962,0.111633054
7242,0.143459982
9971,0.210219116
820,0.149159728
4625,0.137760235
5528,0.511414676
17660,0.137760235
18879,0.157139373
16678,0.326991823
2417,0.411990147
3564,0.100233561
12003,0.081470224
15766,0.149159728
57,0.137760235
6173,0.210219116
18288,0.100233561
7375,0.126452396
18009,0.204519369
668,0.390828986
5511,0.141271737
17295,0.161699171
16797,0.481527056
15850,0.136463001
12297,0.116101198
13338,0.137760235
6683,0.137760235
17043,0.372065649
6378,0.622880772
7692,0.27353213
18857,0.342951114
15609,0.326991823
18826,0.235546939
17091,0.092869717
16466,0.116101198
11049,0.178798411
5395,0.400131888
14820,0.299724693
1446,0.137760235
13713,0.169272594
18059,0.149159728
2530,0.475185236
11591,0.625160671
8531,0.111633054
7879,0.166258968
12448,0.342951114
602,0.137760235
8100,0.137760235
8047,0.100233561
4693,0.111633054
18912,0.199317499
6167,0.137760235
14605,0.178798411
7429,0.640477888
5969,0.137760235
11298,0.437658562
17473,0.137760235
12984,0.511414676
6710,0.149159728
8685,0.384631363
13522,0.137760235
9132,0.202855272
10028,0.062706887
15144,0.174330267
11609,0.161699171
8163,0.427307364
8769,0.116101198
16075,0.475185236
4835,0.100233561
18173,0.137760235
16949,0.316732279
3454,0.100233561
3586,0.149159728
9457,0.401088529
17957,0.137760235
18246,0.550421891
10857,0.265552485
15650,0.210219116
10017,0.510117443
15239,0.547644116
3345,0.398808631
8399,0.475185236
7758,0.243867176
14984,0.116101198
19118,0.640477888
17321,0.118996898
6541,0.137760235
1420,0.475185236
107,0.475185236
11571,0.148111433
6517,0.089449869
10312,0.100233561
17805,0.184616083
12606,0.348401922
11028,0.11557705
12259,0.137760235
4872,0.093393865
10799,0.475185236
5360,0.137760235
7396,0.112157202
9643,0.137760235
6964,0.137760235
5738,0.463287866
13228,0.107689059
16406,0.210219116
1405,0.130920539
14213,0.511414676
13882,0.149159728
4517,0.209079166
8730,0.143459982
14757,0.134340387
6813,0.374463473
865,0.149159728
14905,0.344733136
10420,0.475185236
957,0.112157202
8235,0.390828986
4715,0.323689901
11270,0.317872229
13805,0.118996898
12152,0.165852746
3,0.287093597
14837,0.137760235
51,0.427307364
10702,0.475185236
13709,0.134432041
3298,0.221618609
7966,0.475185236
9552,0.116101198
18699,0.526482955
2651,0.092869717
13015,0.240355674
7845,0.492651339
17551,0.475185236
18312,0.475185236
8302,0.511414676
2347,0.463287866
16659,0.237577899
13893,0.100233561
1197,0.14573988
15377,0.375760706
11503,0.475185236
13862,0.210219116
5713,0.390828986
11787,0.100233561
12670,0.163979069
5346,0.475185236
14487,0.390828986
9952,0.137760235
13227,0.232467683
10607,0.202855272
2337,0.149159728
15607,0.149159728
18977,0.475185236
5251,0.137760235
1929,0.137760235
17233,0.137760235
10626,0.130396391
3168,0.355175988
2507,0.243775522
11278,0.171958715
5045,0.161790825
86,0.235546939
14612,0.475185236
17443,0.161699171
3239,0.247837443
17113,0.389531752
11344,0.547644116
13667,0.23643795
9155,0.244417595
12341,0.137760235
19139,0.547644116
14574,0.137760235
1475,0.204768307
8291,0.04104785
18448,0.062706887
12277,0.130920539
17868,0.137760235
3094,0.463287866
16498,0.137760235
4212,0.210219116
12846,0.210219116
2798,0.175378563
18388,0.137760235
6157,0.475185236
4481,0.184616083
4941,0.14573988
17416,0.137760235
7448,0.211856941
11206,0.137760235
1741,0.137760235
15319,0.620692527
10254,0.175378563
10594,0.137760235
4332,0.157139373
17564,0.130920539
10974,0.475185236
12602,0.112157202
1471,0.475185236
4570,0.463287866
4375,0.165852746
17255,0.137760235
14006,0.078574524
12943,0.143459982
5145,0.137760235
8951,0.475185236
5529,0.221618609
9852,0.463287866
16096,0.52888078
11257,0.213704346
2661,0.308228486
877,0.137760235
2761,0.475185236
18071,0.143459982
18910,0.114437101
8554,0.244417595
16414,0.100233561
14210,0.475185236
6913,0.137760235
374,0.137760235
12298,0.211856941
115,0.132060488
5108,0.312172482
1357,0.137760235
18998,0.210219116
11497,0.137760235
15474,0.492651339
12952,0.326991823
9053,0.475185236
14063,0.137760235
17300,0.100233561
5885,0.126452396
10024,0.100233561
14624,0.149159728
2528,0.137760235
10076,0.547644116
6420,0.559541486
11126,0.126452396
14155,0.621714551
12628,0.23643795
10744,0.221618609
2267,0.137760235
3492,0.062706887
7671,0.210219116
7183,0.326991823
7254,0.116101198
3985,0.353302312
17719,0.437658562
74,0.632000367
5344,0.130920539
4529,0.100233561
16379,0.359552478
2673,0.188009659
16855,0.47354741
6667,0.093393865
5098,0.093393865
6368,0.149159728
627,0.20337942
18376,0.269994357
8817,0.287093597
12412,0.342951114
19088,0.280345555
11390,0.437658562
8672,0.547644116
17924,0.107689059
15315,0.191455779
652,0.547644116
16925,0.175378563
16753,0.52888078
17744,0.137760235
3845,0.262630513
2360,0.062706887
17535,0.547644116
18292,0.100233561
15410,0.137760235
9992,0.31762329
18742,0.269745419
1003,0.116101198
9577,0.130920539
18808,0.137760235
2989,0.111633054
13993,0.173989675
5285,0.128732294
8029,0.137760235
6661,0.475185236
15038,0.185638107
14625,0.475185236
2498,0.43731797
14338,0.111633054
3888,0.475185236
15967,0.100233561
12886,0.437658562
13691,0.162681836
1145,0.52888078
9610,0.173989675
4320,0.172692442
9357,0.233515978
3569,0.149159728
7409,0.184616083
5519,0.384631363
3386,0.23643795
17225,0.398808631
7407,0.074630528
16858,0.210219116
9453,0.390828986
8331,0.52888078
13887,0.210559708
7510,0.287093597
15568,0.137760235
8217,0.161790825
11341,0.475185236
9271,0.551404557
1066,0.547644116
13931,0.475185236
3849,0.137760235
6460,0.149159728
2480,0.204768307
6684,0.126452396
2923,0.137760235
11121,0.137760235
15114,0.710748524
18077,0.137760235
9485,0.100233561
6917,0.172692442
13095,0.093393865
12390,0.475185236
746,0.137760235
5101,0.130920539
3829,0.137760235
5948,0.137760235
16415,0.326991823
16803,0.475185236
15797,0.225012185
1335,0.210219116
1,0.301912938
965,0.475185236
7618,0.437658562
19128,0.149159728
16460,0.14573988
11488,0.475185236
12435,0.100233561
18697,0.492651339
7740,0.100233561
4908,0.118996898
12874,0.137760235
7688,0.280253901
2832,0.247837443
11863,0.316483341
12232,0.137760235
11686,0.137760235
16901,0.211856941
5244,0.137760235
15884,0.137760235
6123,0.52888078
433,0.215027851
1628,0.137760235
10313,0.059811187
647,0.149159728
5653,0.137760235
7614,0.111633054
8651,0.14573988
4303,0.100233561
18796,0.161699171
17987,0.161790825
272,0.173989675
18440,0.293435417
19074,0.149159728
14522,0.437658562
7307,0.165852746
12543,0.199317499
12854,0.137760235
1462,0.305974859
9033,0.137760235
334,0.408295089
2584,0.134340387
1567,0.137760235
1064,0.110584759
4205,0.137760235
2524,0.137760235
2688,0.133200438
5250,0.475185236
17292,0.354101669
6357,0.149159728
15965,0.169796742
8508,0.345231012
14798,0.137760235
2796,0.388051211
9107,0.232467683
16963,0.151033405
233,0.137760235
11532,0.093393865
2731,0.61323703
9982,0.132060488
11394,0.475185236
13634,0.417689893
6379,0.137760235
4783,0.149159728
16388,0.103745063
2579,0.149159728
19060,0.269994357
3225,0.210219116
943,0.640477888
15436,0.184616083
15984,0.363221264
5472,0.437658562
6711,0.344091063
3304,0.174081329
6698,0.475185236
17423,0.437658562
16150,0.475185236
3847,0.167149979
15712,0.096813713
8667,0.137760235
12859,0.372065649
14611,0.137760235
4781,0.437658562
16934,0.137760235
15852,0.137760235
17743,0.58576032
2536,0.137760235
11568,0.475185236
5567,0.674519084
2256,0.475185236
4700,0.232467683
4438,0.126452396
15488,0.130396391
2400,0.390828986
16590,0.100233561
16472,0.210219116
10363,0.398926556
9776,0.100233561
18552,0.137760235
17098,0.559541486
16798,0.100233561
12300,0.108213206
4185,0.127592345
12652,0.129623305
4261,0.126452396
9679,0.14573988
7290,0.137760235
1262,0.475185236
403,0.156615226
9157,0.137760235
6767,0.137760235
5555,0.137760235
1189,0.52888078
17522,0.149159728
6873,0.134432041
14675,0.178798411
1616,0.547644116
8776,0.475185236
5420,0.093393865
13557,0.165852746
7140,0.475185236
12419,0.137760235
5134,0.130396391
412,0.317872229
11802,0.174330267
8945,0.137760235
8636,0.149159728
13315,0.137760235
13178,0.118996898
12954,0.137760235
11732,0.475185236
859,0.100233561
7019,0.157139373
2408,0.137760235
1645,0.137760235
1259,0.475185236
9080,0.059287039
14029,0.116101198
8881,0.417689893
14250,0.475185236
8014,0.093393865
13383,0.081470224
3769,0.100233561
17104,0.475185236
18299,0.172692442
19018,0.100233561
9436,0.463287866
8537,0.510117443
4751,0.137760235
16910,0.100233561
2977,0.137760235
11369,0.332809495
12612,0.243867176
1815,0.149159728
18745,0.131012193
1042,0.137760235
209,0.547644116
14571,0.137760235
10804,0.093393865
1807,0.210219116
4064,0.289465149
18937,0.547644116
14815,0.161699171
108,0.149159728
11284,0.137760235
13766,0.093393865
13578,0.475185236
862,0.390828986
13623,0.632000367
1421,0.137760235
3908,0.137760235
11359,0.126452396
14473,0.132060488
10638,0.137760235
14849,0.475185236
9727,0.437658562
16469,0.475185236
11813,0.622880772
18002,0.132060488
7350,0.280345555
6866,0.118996898
12941,0.326467676
11647,0.095673764
594,0.326991823
9782,0.213704346
14095,0.437658562
1740,0.133200438
14316,0.130920539
13768,0.297353141
7769,0.137760235
7923,0.184616083
10941,0.547644116
17090,0.345231012
7810,0.111633054
11163,0.475185236
12040,0.390828986
17591,0.137760235
9586,0.193093604
7172,0.181969321
19034,0.093393865
8266,0.132060488
18337,0.475185236
13649,0.141271737
3541,0.100233561
9111,0.184091935
8832,0.481527056
18883,0.161699171
6107,0.547644116
4134,0.550421891
12552,0.137760235
6555,0.475185236
10489,0.173190318
11949,0.199317499
4543,0.547644116
2630,0.390828986
11987,0.174330267
2765,0.312814555
7143,0.14573988
12237,0.116101198
625,0.365868026
5835,0.437658562
9197,0.137760235
1018,0.137760235
2112,0.547644116
4697,0.112157202
3838,0.437658562
6598,0.132060488
15023,0.149159728
12523,0.137760235
6601,0.127592345
15145,0.137760235
6537,0.149159728
102,0.137760235
13373,0.126452396
8175,0.100233561
9743,0.137760235
6491,0.475185236
4579,0.126452396
9926,0.272274255
12898,0.475185236
8262,0.161790825
19137,0.475185236
4681,0.547644116
2985,0.172692442
2671,0.171958715
16413,0.475185236
7601,0.078574524
5015,0.390828986
2955,0.547644116
5541,0.232467683
6300,0.297471066
7155,0.280253901
3543,0.559541486
8157,0.516315065
18355,0.510117443
14317,0.137760235
6311,0.153195378
6644,0.553841739
17183,0.344733136
5378,0.475185236
15830,0.547644116
4744,0.748275198
8948,0.246789148
6147,0.137760235
3946,0.175378563
5781,0.32569459
9069,0.137760235
3938,0.462763719
7250,0.210219116
8793,0.210219116
7945,0.622880772
4541,0.444524529
1654,0.269994357
1231,0.137760235
11601,0.246789148
10438,0.100233561
1519,0.124696645
15244,0.210219116
7068,0.07410638
15245,0.137760235
791,0.437658562
5533,0.137760235
4759,0.149159728
13702,0.137760235
7925,0.137760235
2492,0.156615226
8638,0.112157202
16249,0.553841739
16966,0.225536333
14812,0.137760235
15829,0.137760235
19100,0.272274255
3321,0.137760235
18044,0.510117443
13764,0.137760235
16208,0.475185236
10584,0.149159728
9627,0.344091063
6992,0.156615226
11862,0.507719619
8816,0.204060604
18864,0.427307364
13422,0.100233561
15826,0.191455779
11996,0.133200438
9346,0.437658562
8304,0.233515978
1176,0.14573988
11205,0.475185236
16722,0.178798411
2306,0.173989675
1355,0.137760235
6557,0.204519369
14902,0.116101198
10368,0.510117443
7874,0.23643795
585,0.168538867
1631,0.186895981
11041,0.211608003
18101,0.16687477
9389,0.463287866
1286,0.149159728
10356,0.130396391
630,0.475185236
1263,0.639455864
5275,0.081470224
4348,0.100233561
6017,0.52888078
10195,0.52888078
2994,0.401088529
16080,0.192844666
8090,0.204768307
3335,0.100233561
16976,0.23643795
18881,0.137760235
8020,0.137760235
15615,0.219836586
16098,0.137760235
14245,0.451429608
3287,0.137760235
4347,0.437658562
12896,0.137760235
4583,0.174330267
4959,0.105933308
3714,0.14573988
7751,0.149159728
2410,0.137760235
5744,0.143459982
6846,0.47354741
17062,0.297995214
17378,0.149159728
18632,0.280004963
15952,0.137760235
8050,0.137760235
3521,0.316234403
15268,0.137760235
7506,0.137760235
7162,0.326991823
17965,0.143459982
7803,0.475185236
18432,0.210219116
19044,0.075770477
17790,0.174330267
870,0.547644116
316,0.062706887
7990,0.261582218
371,0.168538867
8379,0.340671215
2397,0.149159728
6128,0.137760235
18893,0.302004592
18517,0.210219116
3762,0.149159728
16121,0.137760235
11091,0.475185236
6433,0.149159728
10350,0.188009659
11495,0.137760235
13130,0.149159728
18509,0.511414676
12196,0.52888078
4793,0.522014812
15265,0.137760235
5239,0.475185236
10590,0.475185236
4876,0.510117443
17034,0.475185236
19030,0.137760235
17512,0.401088529
5319,0.131012193
10256,0.415409995
3479,0.111633054
19059,0.118996898
3695,0.137760235
1965,0.173989675
9735,0.149159728
478,0.411439727
1267,0.372065649
14099,0.185638107
9435,0.269994357
10789,0.375511768
7598,0.218198761
17307,0.078574524
12250,0.093393865
17035,0.353302312
10181,0.126452396
15497,0.137760235
5789,0.126452396
8724,0.547644116
13899,0.149159728
14152,0.409068175
4686,0.081470224
3502,0.390828986
12056,0.475185236
735,0.137760235
15381,0.137760235
11901,0.130920539
871,0.137760235
14896,0.078574524
6928,0.149159728
5979,0.165852746
17341,0.191455779
15736,0.20337942
9770,0.062706887
9994,0.269994357
10105,0.284315822
648,0.185638107
18105,0.473888002
8655,0.190315829
7059,0.095673764
7291,0.137760235
6297,0.357770455
12028,0.205659318
19133,0.166258968
13732,0.093393865
9041,0.100233561
835,0.137760235
5642,0.137760235
1414,0.137760235
3758,0.20337942
11253,0.184616083
17553,0.382325193
2160,0.137760235
11764,0.062706887
9202,0.100233561
4184,0.177501177
10699,0.157139373
11299,0.112157202
7285,0.132060488
12408,0.595770926
6625,0.484488138
2334,0.118996898
3901,0.409068175
13323,0.20337942
19082,0.550421891
18314,0.100233561
14966,0.280345555
3678,0.191455779
15966,0.52888078
3477,0.197928611
3566,0.28139385
18804,0.094533814
5135,0.137760235
14658,0.133200438
11409,0.317872229
7972,0.279113951
9341,0.475185236
12883,0.130920539
17875,0.559541486
11330,0.137760235
19091,0.206799268
5598,0.353302312
12547,0.149159728
13985,0.130920539
6098,0.149159728
6249,0.137760235
1332,0.137760235
15441,0.23933365
15483,0.111633054
15269,0.437658562
15776,0.130920539
15586,0.565424541
10086,0.526482955
11457,0.342453238
220,0.116101198
9377,0.342453238
10614,0.178798411
8525,0.409068175
15347,0.062706887
8715,0.185638107
1661,0.185638107
486,0.137760235
15303,0.25123102
6088,0.149159728
2917,0.125312446
9803,0.093393865
12188,0.20337942
12074,0.312172482
4063,0.175378563
7131,0.137760235
4038,0.312172482
3039,0.172692442
10214,0.137760235
9354,0.58576032
5025,0.510117443
1672,0.137760235
18261,0.437658562
9416,0.475185236
9729,0.193093604
16487,0.081470224
4327,0.526482955
13920,0.078574524
13229,0.559541486
11243,0.475185236
17769,0.137760235
1713,0.463287866
1596,0.100233561
17910,0.112157202
5413,0.149159728
16661,0.174330267
16040,0.559541486
18593,0.437658562
11562,0.100233561
17750,0.149159728
2727,0.100233561
595,0.475185236
10881,0.211856941
11795,0.191455779
13654,0.437658562
15934,0.210219116
1737,0.085938367
17342,0.475185236
17864,0.137760235
11219,0.211608003
9309,0.126452396
10882,0.116101198
11596,0.118996898
6733,0.137760235
4860,0.475185236
13040,0.210219116
13431,0.475185236
5848,0.639455864
8073,0.090065671
18073,0.342951114
8662,0.186895981
13814,0.301912938
11710,0.092869717
9443,0.149159728
18634,0.155226338
11493,0.133200438
4113,0.272274255
18123,0.100233561
6982,0.475185236
18863,0.137760235
12492,0.475185236
17940,0.137760235
1416,0.137760235
16215,0.232467683
8813,0.390828986
11067,0.475185236
15585,0.149159728
4983,0.149159728
18224,0.137760235
18325,0.126452396
1435,0.137760235
1097,0.081470224
13071,0.269745419
3701,0.137760235
15549,0.360050354
1906,0.351572832
13079,0.326991823
12806,0.409068175
5788,0.137760235
18823,0.149159728
10063,0.130920539
6002,0.425761192
9638,0.116101198
9672,0.116101198
5937,0.25123102
10516,0.172692442
2499,0.363221264
2348,0.14573988
13017,0.20020851
129,0.137760235
15616,0.184091935
7466,0.133200438
16014,0.210219116
12177,0.189424818
14964,0.100233561
9609,0.149159728
14786,0.081470224
6070,0.437658562
3133,0.137760235
12012,0.243867176
9499,0.137760235
6190,0.191455779
16597,0.149159728
16670,0.100233561
9088,0.137760235
16788,0.475185236
17267,0.272274255
18326,0.137760235
10712,0.210219116
3552,0.188560078
17607,0.137760235
16880,0.100233561
13058,0.475185236
8618,0.272274255
11012,0.149159728
5054,0.137760235
6264,0.194941009
4670,0.547644116
6921,0.264386264
131,0.130920539
12616,0.149159728
10501,0.559541486
15843,0.100233561
14921,0.173989675
17466,0.137760235
7234,0.202855272
2882,0.559541486
10988,0.163979069
8965,0.130920539
4465,0.137760235
15139,0.14573988
1886,0.149159728
3668,0.097337861
17904,0.269994357
306,0.191455779
268,0.137760235
9888,0.137760235
15254,0.194941009
15801,0.111633054
13835,0.475185236
12483,0.124696645
142,0.137760235
5964,0.127592345
8031,0.131012193
16889,0.210219116
11058,0.132060488
17218,0.14977553
5072,0.100233561
1492,0.475185236
14205,0.174330267
17604,0.14573988
14732,0.302004592
739,0.258096987
655,0.475185236
12691,0.143459982
6338,0.111633054
8746,0.100233561
12723,0.137760235
9557,0.137760235
14503,0.547644116
11161,0.390828986
2790,0.149159728
6444,0.510117443
16530,0.165119019
2078,0.232467683
198,0.272274255
4346,0.301912938
898,0.382351464
9812,0.463536804
14633,0.137760235
2899,0.475185236
7215,0.137760235
10219,0.547644116
471,0.475185236
2736,0.492651339
16206,0.147495631
16232,0.248086382
14396,0.475185236
14910,0.130920539
10585,0.137760235
5513,0.284315822
15654,0.475185236
18802,0.178798411
9855,0.195989305
13688,0.168289929
7175,0.137760235
8986,0.149159728
4883,0.547644116
17191,0.191455779
11333,0.437658562
17406,0.093393865
12656,0.317872229
1983,0.100233561
10689,0.137760235
14462,0.264386264
8188,0.131012193
15507,0.52888078
9765,0.127592345
222,0.078574524
4980,0.475185236
13965,0.149159728
165,0.100233561
13871,0.301912938
8215,0.380936305
3219,0.137760235
13763,0.116101198
5114,0.149159728
10380,0.363221264
16342,0.175378563
9475,0.265552485
18026,0.293409145
9808,0.137760235
5479,0.137760235
4369,0.427307364
8231,0.167149979
13138,0.067175031
7192,0.315343392
15642,0.093393865
16226,0.133200438
17356,0.342951114
15045,0.100233561
901,0.58576032
8233,0.417689893
11140,0.205659318
1011,0.221618609
19051,0.287093597
8087,0.148386642
19124,0.137760235
15164,0.137760235
1891,0.507719619
1032,0.640477888
1321,0.076910427
13870,0.137760235
6052,0.149159728
5996,0.475185236
1608,0.357770455
14731,0.349541872
6510,0.213704346
17879,0.173989675
7160,0.100233561
5920,0.204768307
6290,0.161699171
17258,0.390828986
6980,0.481527056
5561,0.100233561
18027,0.598299763
2402,0.444524529
17552,0.137760235
15050,0.221618609
2876,0.473888002
9795,0.175378563
15658,0.475185236
11100,0.210219116
19106,0.21031077
8330,0.118996898
9948,0.097337861
9878,0.174330267
1993,0.211856941
13981,0.093393865
3230,0.100233561
15625,0.210219116
12653,0.547644116
16807,0.137760235
2424,0.161699171
18601,0.510117443
3180,0.075770477
13007,0.100233561
3324,0.100233561
8,0.137760235
13135,0.062706887
10770,0.353302312
16459,0.134340387
7357,0.185638107
8506,0.137760235
4055,0.475185236
1131,0.475185236
6763,0.161699171
6220,0.353302312
18531,0.235546939
16043,0.137760235
3078,0.126452396
12822,0.163979069
2954,0.093393865
18568,0.100233561
8021,0.272365909
7630,0.137760235
15512,0.111633054
11823,0.137760235
14631,0.137760235
6986,0.137760235
7672,0.210219116
19155,0.137760235
10093,0.210219116
7523,0.126452396
6512,0.372065649
2027,0.473888002
3024,0.137760235
14478,0.23643795
2249,0.310875248
10753,0.205659318
2785,0.390828986
10202,0.141271737
18274,0.166625832
1204,0.354350607
9254,0.475185236
8673,0.20337942
822,0.137760235
6234,0.092869717
144,0.137760235
3279,0.264386264
16768,0.271776379
5659,0.380687367
15699,0.137760235
5027,0.137760235
15619,0.137851889
10643,0.409068175
512,0.550421891
13908,0.390828986
19129,0.21031077
1793,0.100233561
13152,0.137760235
13073,0.149159728
8044,0.141271737
1706,0.137760235
1392,0.559541486
6584,0.437658562
8153,0.126452396
2787,0.178798411
8367,0.094533814
10608,0.165119019
14463,0.137760235
8987,0.475185236
5030,0.163979069
5900,0.133567301
1035,0.137760235
8038,0.133200438
29,0.475185236
9505,0.463287866
11361,0.437658562
11153,0.137760235
286,0.16687477
9930,0.510117443
11499,0.550421891
18702,0.312172482
723,0.137760235
3483,0.126452396
11907,0.130920539
2120,0.184616083
15004,0.390828986
11190,0.136463001
12484,0.14977553
6812,0.427307364
4099,0.210219116
8342,0.243867176
18401,0.133200438
7190,0.28139385
3251,0.463287866
11784,0.161790825
7634,0.172692442
10410,0.401088529
1871,0.137760235
7667,0.137760235
16284,0.229074107
1362,0.137760235
10762,0.240355674
17856,0.308228486
8453,0.137760235
6652,0.133200438
18929,0.184616083
6219,0.178798411
2733,0.475185236
3725,0.133200438
3137,0.463287866
6342,0.149159728
12968,0.126452396
8523,0.137760235
2952,0.100233561
11373,0.130920539
16100,0.137760235
1222,0.137760235
17456,0.167149979
2756,0.511414676
11048,0.475185236
7197,0.137760235
6713,0.161699171
8871,0.130920539
12919,0.547644116
13207,0.455124665
8468,0.093393865
12326,0.137760235
15693,0.510117443
1228,0.137760235
14513,0.193093604
15292,0.130920539
6317,0.475185236
11273,0.219836586
8870,0.100233561
9059,0.137760235
7047,0.166258968
17322,0.137760235
10945,0.326991823
11850,0.126452396
2412,0.078574524
1774,0.215918862
9318,0.52888078
969,0.100849363
3729,0.20337942
1449,0.437658562
14874,0.195989305
18418,0.137760235
19070,0.137760235
8805,0.130920539
68,0.111633054
6277,0.127592345
680,0.126976543
9328,0.134340387
10855,0.118996898
71,0.547644116
17482,0.184091935
8545,0.210219116
4893,0.133200438
12020,0.130920539
11193,0.149159728
11641,0.149159728
15944,0.547644116
15734,0.137760235
17566,0.100233561
14863,0.137760235
7993,0.240997747
16263,0.137760235
13536,0.104701704
5562,0.174330267
14762,0.559541486
8458,0.137760235
11483,0.137760235
2041,0.511414676
4368,0.229074107
2803,0.094533814
8028,0.137760235
1704,0.289465149
10986,0.149159728
9379,0.195989305
6886,0.475185236
6201,0.130920539
2366,0.293409145
9331,0.137760235
6694,0.353302312
1928,0.198911276
12214,0.23643795
5813,0.325327726
15752,0.137760235
6299,0.345231012
12676,0.173989675
18901,0.550421891
12405,0.198911276
15328,0.100233561
206,0.100233561
3186,0.100233561
8656,0.149159728
9337,0.595770926
3093,0.210219116
418,0.062706887
9932,0.168538867
5845,0.427058426
14293,0.062706887
16655,0.097337861
15624,0.137760235
2907,0.475185236
12065,0.137760235
6658,0.137760235
15394,0.547644116
12561,0.211856941
2134,0.100233561
17212,0.401088529
14001,0.137760235
927,0.137760235
11969,0.232467683
15875,0.118996898
4056,0.162681836
14795,0.475185236
11478,0.427058426
407,0.137760235
11282,0.137760235
1829,0.100233561
14193,0.1196127
14103,0.07410638
18463,0.059811187
2990,0.510117443
10899,0.129348096
10355,0.163979069
4664,0.191455779
12100,0.658219201
16132,0.210219116
6072,0.251938476
2998,0.112157202
13924,0.14573988
1113,0.289465149
4169,0.137760235
5746,0.152330638
14312,0.137760235
12716,0.221618609
8699,0.191455779
9305,0.179165274
5433,0.437658562
7503,0.130920539
5648,0.074630528
4040,0.210219116
1398,0.108213206
4343,0.093393865
4765,0.137760235
1917,0.475185236
12735,0.074630528
5645,0.363470202
18398,0.137760235
15290,0.137760235
10950,0.199317499
6373,0.293409145
18280,0.137760235
18000,0.137760235
7434,0.137760235
9277,0.137760235
11044,0.308228486
16799,0.437658562
6887,0.137760235
3201,0.137760235
17622,0.547644116
5852,0.100233561
1553,0.130920539
18786,0.137760235
13633,0.354101669
6731,0.344457927
15993,0.253510919
9977,0.100233561
5123,0.163979069
15803,0.112157202
17702,0.149159728
2953,0.221618609
10343,0.111633054
14174,0.526482955
261,0.126452396
18594,0.199435424
13117,0.210219116
1068,0.632000367
7107,0.126452396
15147,0.137760235
10983,0.143459982
2434,0.078574524
9710,0.137760235
15732,0.130920539
2225,0.100233561
3355,0.137760235
16544,0.272916329
5180,0.475185236
16434,0.632000367
15841,0.621989761
4939,0.137760235
18505,0.475185236
15533,0.427058426
14595,0.137760235
6996,0.093393865
5307,0.141271737
4629,0.173989675
2779,0.137760235
7991,0.238717849
16002,0.119088552
1724,0.137760235
2775,0.137760235
2093,0.100233561
15431,0.59007118
331,0.200457448
5073,0.161699171
7387,0.52888078
8726,0.390304838
5235,0.475185236
13848,0.210219116
11286,0.437658562
9796,0.100233561
993,0.475185236
13384,0.165119019
1787,0.149159728
5090,0.475185236
12294,0.137760235
6802,0.137760235
6129,0.130920539
17481,0.133567301
2197,0.547644116
5278,0.137760235
17684,0.137760235
13238,0.161699171
743,0.137760235
636,0.437658562
16199,0.173989675
11734,0.137760235
3765,0.184091935
15411,0.137760235
4640,0.137760235
1147,0.382351464
13725,0.280004963
6565,0.175378563
12746,0.137760235
9269,0.326991823
5254,0.137760235
659,0.137760235
14255,0.232493955
8569,0.475185236
5457,0.142935834
9685,0.093393865
14435,0.243775522
16592,0.272274255
634,0.475185236
2109,0.118996898
5625,0.264386264
4807,0.137760235
8124,0.188560078
2975,0.175378563
17504,0.137760235
7741,0.345231012
13868,0.055867191
17695,0.096813713
3962,0.100233561
17950,0.157139373
16827,0.251257291
12422,0.354101669
6086,0.149159728
13120,0.081470224
17669,0.149159728
12957,0.215918862
9506,0.137760235
17198,0.177160585
14744,0.130920539
13694,0.137760235
6640,0.342951114
15085,0.475185236
18737,0.175378563
17016,0.475185236
4855,0.111633054
8469,0.225012185
3579,0.475185236
18620,0.110584759
8461,0.454784073
211,0.553841739
3643,0.353302312
775,0.547644116
11662,0.475185236
9424,0.184616083
10240,0.598941836
17162,0.471267512
3779,0.149159728
10508,0.184616083
4490,0.137760235
11144,0.598941836
688,0.130920539
9919,0.161699171
8204,0.175378563
4719,0.211856941
5284,0.116101198
1138,0.180554162
7364,0.116101198
11403,0.137760235
13248,0.137760235
17787,0.384631363
14593,0.149159728
13710,0.175378563
5046,0.137760235
2006,0.137760235
4675,0.204519369
8633,0.437658562
6116,0.137760235
10836,0.371541501
11371,0.059811187
14389,0.632000367
5260,0.137760235
6501,0.52888078
2549,0.100233561
3591,0.390828986
14072,0.137760235
8702,0.100233561
3010,0.137760235
5558,0.362264622
12784,0.137760235
16356,0.246789148
16001,0.100233561
9958,0.52888078
5314,0.244417595
7422,0.169796742
3824,0.553841739
905,0.184616083
7061,0.475185236
13577,0.240355674
12814,0.100233561
4136,0.137760235
13517,0.247837443
9079,0.475185236
833,0.14573988
10097,0.126452396
3415,0.141271737
15372,0.510117443
14844,0.107689059
7378,0.191455779
4121,0.126452396
2945,0.100233561
3091,0.20020851
314,0.374463473
318,0.137760235
16058,0.149159728
10556,0.184616083
16091,0.116101198
4103,0.233515978
724,0.316326057
15761,0.100233561
4727,0.547644116
19026,0.137760235
14233,0.511414676
11978,0.595770926
18333,0.137760235
8796,0.116101198
7224,0.165119019
3645,0.130920539
9272,0.130920539
14988,0.198911276
4314,0.081470224
4440,0.58576032
8220,0.475185236
12467,0.360050354
18290,0.093393865
9621,0.360050354
2682,0.096813713
8063,0.137760235
14664,0.191455779
13949,0.173989675
13639,0.137760235
3712,0.191455779
487,0.174330267
5639,0.195989305
11345,0.526482955
6766,0.062706887
11547,0.149159728
8981,0.137760235
11301,0.210219116
7992,0.339531266
1409,0.52888078
13708,0.475185236
9248,0.111633054
14124,0.624518598
5117,0.137760235
2707,0.130920539
6164,0.116101198
6275,0.221592337
3630,0.164961735
2607,0.130920539
5105,0.389531752
16654,0.100233561
15588,0.215027851
15731,0.475185236
10155,0.181969321
4530,0.475185236
15166,0.078574524
14843,0.100233561
12009,0.210219116
3205,0.173989675
12913,0.167149979
16114,0.174330267
958,0.427307364
18741,0.179165274
3898,0.078574524
15101,0.171958715
19116,0.210219116
5853,0.353302312
15550,0.100233561
18951,0.353302312
11307,0.100233561
17286,0.093393865
18987,0.137760235
16092,0.126452396
6246,0.137760235
13750,0.235546939
7876,0.437658562
2869,0.062706887
5864,0.191455779
9060,0.137760235
18172,0.137760235
17640,0.173989675
2462,0.127592345
2637,0.149159728
9581,0.475185236
2983,0.141271737
12180,0.149159728
8867,0.185389169
4782,0.130396391
12789,0.374463473
1588,0.221618609
12873,0.481527056
5614,0.437658562
11664,0.149159728
6145,0.191455779
6520,0.339531266
9843,0.149159728
7427,0.149159728
11617,0.059811187
10830,0.137760235
1020,0.116101198
6108,0.149159728
13047,0.093393865
12685,0.137760235
13191,0.137760235
9421,0.38978069
14455,0.188560078
14241,0.137760235
139,0.137760235
3350,0.221618609
18127,0.137760235
6738,0.111633054
10656,0.444524529
4373,0.475185236
75,0.137760235
16992,0.349882464
6880,0.137760235
8517,0.23643795
5768,0.112157202
9314,0.130396391
4638,0.475185236
10027,0.401088529
10704,0.186895981
15080,0.095673764
8838,0.116101198
2571,0.100233561
13302,0.093393865
9635,0.111633054
11125,0.475185236
10094,0.137760235
4948,0.078574524
14077,0.299108892
15772,0.475185236
5261,0.210219116
4901,0.289465149
11651,0.081470224
18595,0.137760235
5206,0.093393865
6676,0.220976536
3126,0.225654259
8862,0.166258968
8721,0.149159728
4386,0.100233561
17377,0.178798411
7880,0.130920539
9791,0.100233561
11006,0.475185236
5518,0.390331109
8443,0.312172482
1944,0.130396391
30,0.137760235
2643,0.133200438
17394,0.137760235
2284,0.112157202
73,0.174330267
14141,0.126452396
12481,0.232467683
7736,0.475185236
9380,0.130920539
411,0.326991823
936,0.547644116
17584,0.137760235
18064,0.232467683
6515,0.202855272
16909,0.210219116
2981,0.062706887
12991,0.161699171
7861,0.475185236
7259,0.437658562
14263,0.137760235
16087,0.149159728
10393,0.093393865
2328,0.463287866
17981,0.475185236
10639,0.137760235
12725,0.547644116
10977,0.161699171
12888,0.398808631
2640,0.342453238
18636,0.100233561
18311,0.475185236
2379,0.156615226
10367,0.137760235
12541,0.137760235
8640,0.141271737
15476,0.149159728
12166,0.178798411
17192,0.475185236
7854,0.202855272
10848,0.360050354
900,0.261582218
10604,0.137760235
10627,0.202855272
17871,0.280004963
5255,0.475185236
15191,0.137760235
8229,0.346122024
16998,0.173989675
15186,0.100233561
9206,0.137760235
18728,0.52888078
15980,0.437658562
7954,0.272274255
18812,0.175378563
8356,0.130396391
13813,0.186895981
14900,0.326991823
7651,0.137760235
9816,0.20337942
3639,0.149159728
10239,0.269994357
6307,0.163979069
11875,0.547644116
7533,0.547644116
7171,0.171958715
17282,0.559541486
16288,0.547644116
18948,0.137760235
18399,0.137760235
12124,0.326991823
12666,0.232467683
10059,0.149159728
2612,0.385771312
1712,0.149159728
18743,0.100233561
12793,0.547644116
1760,0.198911276
3567,0.621989761
18684,0.284315822
14949,0.161699171
13821,0.269994357
13587,0.130396391
6937,0.199317499
16636,0.511414676
15496,0.510117443
8524,0.211856941
14781,0.137760235
6545,0.149159728
17314,0.130920539
16318,0.137760235
17920,0.137760235
14157,0.675410095
157,0.204519369
14491,0.169796742
3990,0.134340387
9832,0.184091935
14779,0.218814563
4773,0.210219116
16622,0.475185236
17688,0.137760235
17087,0.100233561
11723,0.409068175
991,0.427307364
11673,0.385771312
8513,0.163979069
2701,0.475185236
4079,0.165852746
8916,0.172692442
9242,0.272274255
10391,0.191455779
7108,0.118996898
3210,0.172692442
4971,0.265552485
14234,0.149159728
11655,0.475185236
15043,0.191455779
2165,0.390331109
5818,0.130920539
13162,0.251257291
1606,0.232467683
17124,0.511414676
14499,0.163979069
16064,0.167149979
14537,0.20337942
12136,0.175378563
4777,0.20337942
5661,0.137760235
1821,0.137760235
18703,0.52888078
15937,0.161699171
14704,0.475185236
16732,0.559541486
2092,0.137760235
5398,0.161699171
3738,0.547644116
4413,0.199317499
13448,0.323689901
1118,0.137760235
8641,0.510117443
15701,0.240997747
16591,0.204768307
2482,0.162681836
17507,0.136463001
12563,0.137760235
7395,0.185389169
9620,0.437658562
10801,0.511414676
91,0.130396391
6330,0.283149601
16279,0.559541486
17451,0.305974859
12098,0.137760235
5836,0.353302312
18672,0.269994357
16669,0.363470202
405,0.308228486
8723,0.118996898
269,0.07410638
8208,0.163979069
5941,0.20337942
7604,0.475185236
5234,0.059811187
18502,0.137760235
15033,0.137760235
16235,0.137760235
13265,0.409068175
4331,0.153195378
18793,0.093393865
9712,0.547644116
17820,0.093393865
3484,0.137760235
7194,0.093393865
5729,0.390828986
11425,0.137760235
9149,0.52888078
8002,0.116101198
8488,0.353852731
3149,0.130920539
17592,0.137760235
11936,0.137760235
2252,0.149159728
18415,0.288941002
12217,0.137760235
3442,0.184616083
1749,0.137760235
8365,0.137760235
15907,0.137760235
8504,0.175378563
15903,0.081470224
5264,0.137760235
1140,0.363221264
15009,0.375760706
11292,0.137760235
8581,0.437658562
337,0.108213206
8092,0.127592345
10450,0.149159728
344,0.133200438
5894,0.111633054
1947,0.089449869
14799,0.137760235
52,0.28139385
12718,0.062706887
3342,0.112157202
491,0.137760235
13239,0.137760235
8774,0.240355674
16445,0.34165388
12665,0.137760235
834,0.161699171
5481,0.130396391
16134,0.137760235
16025,0.400131888
14720,0.093393865
3474,0.130920539
14506,0.126452396
921,0.365868026
16026,0.511414676
3988,0.475185236
5692,0.137760235
96,0.191455779
14444,0.475185236
4306,0.195989305
5118,0.353302312
12947,0.475185236
4048,0.473888002
17807,0.210219116
13485,0.540778149
2004,0.475185236
18362,0.137760235
858,0.269994357
14203,0.137760235
6794,0.130920539
9334,0.126452396
1291,0.475185236
8818,0.510117443
15763,0.269994357
5740,0.137760235
15748,0.133200438
9976,0.093393865
2644,0.210834917
7393,0.137760235
12309,0.559541486
12253,0.559541486
13889,0.437658562
356,0.137760235
12069,0.210219116
10469,0.188009659
14789,0.112157202
14339,0.390828986
11765,0.291129246
4984,0.271776379
8745,0.547644116
9310,0.137760235
1805,0.326991823
6751,0.475185236
5800,0.156615226
16579,0.149159728
18984,0.475185236
5544,0.149159728
6427,0.20337942
1439,0.510117443
6227,0.390828986
621,0.210219116
18717,0.269994357
15079,0.130920539
4016,0.137760235
9851,0.437658562
5093,0.269994357
3501,0.133200438
16919,0.269994357
14529,0.148386642
9822,0.100233561
16013,0.481527056
7026,0.137760235
14231,0.283149601
14471,0.456421899
4758,0.219836586
2162,0.137760235
17501,0.390828986
12515,0.112157202
8919,0.52888078
14688,0.234747582
4423,0.175378563
10249,0.475185236
15189,0.184616083
7468,0.316234403
13548,0.547644116
8995,0.137760235
12714,0.137760235
2054,0.137760235
15418,0.14573988
11630,0.137760235
18109,0.492651339
6254,0.126452396
1517,0.143459982
15070,0.093393865
14401,0.210219116
33,0.137760235
8450,0.20337942
5537,0.284315822
3046,0.081470224
14985,0.210219116
11180,0.185638107
10692,0.409068175
1673,0.232218745
7714,0.547644116
10103,0.472590769
11597,0.137760235
3503,0.100233561
16480,0.137760235
7856,0.456946046
5404,0.475185236
14909,0.108213206
16522,0.126452396
2409,0.094533814
7036,0.547644116
6735,0.130396391
11694,0.229598254
10866,0.126452396
4001,0.547644116
8001,0.444524529
1270,0.353302312
18028,0.253510919
13521,0.100233561
6380,0.475185236
3880,0.399450704
9945,0.130920539
7796,0.100233561
304,0.174330267
16129,0.204519369
1989,0.52888078
3996,0.185389169
9979,0.437658562
11466,0.126976543
11209,0.174330267
4873,0.23643795
5777,0.137760235
1448,0.108213206
9688,0.269994357
5763,0.131012193
16302,0.137760235
12697,0.302004592
14012,0.093393865
5786,0.137760235
19089,0.165852746
12664,0.272274255
6494,0.197928611
6823,0.133200438
18964,0.204519369
15960,0.315343392
11542,0.148111433
18490,0.210219116
7286,0.137760235
5288,0.137760235
16653,0.156615226
14017,0.475185236
5502,0.185389169
12457,0.137760235
13304,0.363221264
9841,0.137760235
11337,0.111633054
1083,0.137760235
14521,0.137760235
17795,0.1196127
973,0.326991823
5505,0.149159728
103,0.137760235
5323,0.137760235
6152,0.475185236
10963,0.197928611
4321,0.137760235
17650,0.632000367
6835,0.390828986
7499,0.100233561
18240,0.272365909
11816,0.31762329
6117,0.475185236
3511,0.137760235
10299,0.475185236
1640,0.345231012
17644,0.137760235
7318,0.463287866
12840,0.390331109
9322,0.137760235
13316,0.363221264
8439,0.137760235
18191,0.374371819
9141,0.137760235
5247,0.137760235
147,0.326991823
7193,0.137760235
7287,0.389531752
8053,0.093393865
13310,0.081470224
15433,0.149159728
7484,0.146355682
2969,0.547644116
1207,0.547644116
17608,0.149159728
11955,0.116101198
4780,0.137760235
499,0.547644116
2009,0.167149979
182,0.186895981
1224,0.130920539
4301,0.427058426
11069,0.437658562
8070,0.210219116
5491,0.100233561
9563,0.137760235
11094,0.172692442
17089,0.199435424
2922,0.353302312
7033,0.191455779
10173,0.385771312
9600,0.108213206
3848,0.137760235
8922,0.622880772
17541,0.093393865
6805,0.093393865
340,0.23643795
6900,0.598299763
8668,0.137760235
4225,0.334538975
4810,0.194941009
2220,0.112157202
16785,0.173989675
7653,0.456421899
14191,0.232467683
14342,0.141271737
10775,0.363221264
2181,0.093393865
4362,0.134340387
7355,0.210219116
5080,0.390828986
8880,0.137760235
16602,0.118996898
13405,0.221618609
355,0.522014812
13567,0.132060488
6140,0.334538975
16568,0.107689059
7936,0.149159728
10377,0.475185236
12192,0.272274255
7132,0.096813713
1275,0.117856949
15370,0.253510919
3597,0.137760235
2297,0.116101198
17703,0.390828986
7464,0.475185236
17609,0.112157202
5936,0.111633054
6938,0.521425282
13352,0.339531266
8878,0.210219116
14898,0.143459982
1268,0.586651332
14257,0.078574524
434,0.149159728
6130,0.130920539
839,0.475185236
11252,0.149526592
16387,0.165119019
18729,0.100233561
7800,0.221618609
16832,0.326991823
7715,0.137760235
15363,0.136463001
2114,0.210219116
17951,0.149159728
14772,0.448966401
6696,0.475185236
8738,0.093393865
16632,0.339531266
6425,0.210219116
2035,0.427307364
15119,0.137760235
3596,0.113297151
14814,0.100233561
18630,0.137760235
13743,0.199317499
13156,0.137760235
9213,0.376900656
17834,0.244417595
16829,0.475185236
8914,0.134340387
16720,0.062706887
7274,0.111633054
16171,0.149159728
6079,0.309892583
16857,0.062706887
12904,0.137760235
12679,0.137760235
11610,0.58576032
17058,0.130920539
12479,0.062706887
11462,0.210219116
5276,0.475185236
2864,0.475185236
14718,0.243775522
17257,0.175378563
841,0.559541486
9426,0.326991823
15621,0.463287866
8604,0.137760235
6211,0.146355682
5189,0.137851889
13902,0.427058426
18884,0.294549094
16790,0.137760235
13533,0.116101198
15382,0.228956181
17318,0.547644116
18629,0.137760235
4090,0.130396391
6261,0.095673764
11703,0.475185236
5506,0.165852746
8013,0.52888078
14788,0.20337942
2819,0.384631363
10526,0.149159728
13128,0.463287866
498,0.409068175
2610,0.202855272
17632,0.126452396
4549,0.195989305
9696,0.137760235
19130,0.475185236
6784,0.24719537
10397,0.475185236
14326,0.463287866
8169,0.130920539
2258,0.100233561
16124,0.437658562
7089,0.475185236
3507,0.246789148
11997,0.111633054
7527,0.062706887
9312,0.149159728
399,0.137760235
8897,0.475185236
8927,0.109968957
15665,0.093393865
15122,0.137760235
17837,0.137760235
420,0.211856941
8669,0.210219116
13169,0.342951114
15571,0.137760235
2605,0.559541486
11751,0.52888078
13499,0.23643795
15994,0.547644116
5583,0.137760235
16728,0.137760235
10754,0.547644116
13875,0.132060488
6585,0.137760235
3269,0.475185236
34,0.149159728
16265,0.137760235
567,0.111633054
4704,0.201191175
186,0.475185236
7498,0.143459982
17299,0.112157202
13643,0.171958715
10940,0.137760235
8835,0.302004592
18707,0.475185236
16913,0.137760235
14413,0.210219116
447,0.221618609
7001,0.280004963
11120,0.58576032
7342,0.221618609
6798,0.427058426
7000,0.137760235
5204,0.456421899
7571,0.58576032
8360,0.178798411
8127,0.149159728
6066,0.111633054
7710,0.456421899
13922,0.143459982
982,0.148111433
7137,0.248086382
663,0.100233561
2795,0.559541486
8174,0.148386642
3787,0.111633054
5294,0.137760235
17308,0.632000367
6183,0.547644116
14747,0.475185236
5111,0.20337942
18001,0.526482955
1967,0.205659318
7043,0.137760235
17142,0.302004592
12351,0.137760235
9396,0.483898608
10247,0.137760235
11489,0.137760235
11565,0.353302312
17375,0.39322681
10748,0.211856941
5863,0.184616083
4977,0.116101198
17430,0.172692442
14651,0.475185236
12658,0.185389169
10860,0.130920539
9616,0.475185236
1465,0.137760235
17150,0.137760235
7884,0.137760235
7126,0.177501177
9479,0.137760235
2357,0.078574524
7937,0.111633054
16946,0.326991823
2590,0.130920539
15735,0.149159728
128,0.100233561
2427,0.092869717
6797,0.156615226
4157,0.112157202
14088,0.137760235
18665,0.553841739
9040,0.137760235
18945,0.149159728
5991,0.225536333
2531,0.131012193
9678,0.547644116
7514,0.126452396
16635,0.481527056
5617,0.598941836
13733,0.100233561
4167,0.547644116
2996,0.246789148
13727,0.198911276
566,0.130920539
9039,0.100233561
12776,0.185389169
3536,0.137760235
6479,0.097337861
14082,0.149159728
2059,0.114437101
10307,0.210219116
7789,0.475185236
3612,0.320767929
4618,0.456421899
5183,0.215027851
8214,0.20337942
7778,0.475185236
349,0.137760235
3053,0.257205976
689,0.093393865
15664,0.124172497
19058,0.149159728
17557,0.130396391
911,0.219836586
14288,0.463287866
2378,0.154426981
17105,0.130920539
1933,0.278065656
12230,0.149159728
15869,0.339531266
11661,0.137760235
1770,0.137760235
227,0.137760235
15823,0.23933365
912,0.312172482
17270,0.547644116
7706,0.181694111
3382,0.137760235
12436,0.384631363
1212,0.31559233
2506,0.475185236
8023,0.427307364
15331,0.353302312
2148,0.137760235
2198,0.390828986
11207,0.499766245
4750,0.116101198
770,0.184091935
17942,0.353302312
5915,0.547644116
11083,0.137760235
2335,0.137760235
7691,0.510117443
17911,0.169429878
